,time,similar_mols,smiles
0,0.00040301751439540597,"[('CN(Cc1nc2c(C(=O)O)cccc2[nH]1)C1CCCc2cccnc21', 0.5428320796219276), ('CNC1CCCc2cccnc21', 0.5408818646334537), ('CN(C(=O)c1cccc(C2CCNCC2)n1)C1CCCc2ccccc21', 0.47871355387816905)]",CN(CC(=O)O)C1CCCc2cccnc21
1,0.0003882431581893213,"[('O=C(O)c1ccc(N2CCCC2=O)cc1', 0.6761234037828132), ('O=C1CCN1c1ccc(F)cc1', 0.6294366339755545), ('COC(=O)c1cc(CO)cc(N2CCCC2=O)c1', 0.6009252125773316)]",O=C1CCCCN1c1ccc(CO)cc1
2,0.00022408239563356832,"[('CCCCCCCCCCCCCCCCOC(C)(C)C1CO1', 0.4676217239675064), ('CC(C)(C)OCC(F)(F)F', 0.4472135954999579), ('ClCCCOc1ccc(Cl)cc1', 0.4008918628686366)]",CC(C)(C)OCCCCl
3,0.0005508606705855608,"[('CCOP(=O)(CN(c1ccc2cc(N)ccc2c1)S(=O)(=O)c1cc(Cl)cc(Cl)c1)OCC', 0.448608961123159), ('CCN(CC)Cc1cc(C)c(N(Cc2ccccc2)S(=O)(=O)c2ccc(OC)cc2)c(C(=O)OC)c1', 0.42947784519366666), ('CCOC(=O)CCN(c1cccc(F)c1)S(=O)(=O)c1ccc(Cl)cc1', 0.4225771273642583)]",CCN(CC)CCc1c[nH]c2ccc(N(CC)S(=O)(=O)c3ccc4ccccc4c3)cc12
4,0.00046267645553414234,"[('CC(=O)Nc1cc2nc(C)c(-c3cc(NC(=O)OC(C)(C)C)c(F)cc3F)cc2cn1', 0.5912901657818908), ('CNc1ncc2cc(-c3cc(NC(=O)NCCC(C)(C)C)c(F)cc3F)c(C)nc2n1', 0.5277130021690084), ('CSc1nccc(-c2cc(NC(C)=O)c(Cl)nc2-c2ccc(F)cc2)n1', 0.44922641114591105)]",C=C(C)OC(=O)Nc1cc(-c2cc3cnc(SC)nc3nc2C)c(Br)cc1F
5,0.0004657991322780824,"[('CNC(=O)[C@H](Cc1ccccc1)NC(=O)[C@@H](N)CCCCNC(=O)C(F)(F)F', 0.537887179323719), ('O=C(NCCCc1ccccc1)C(F)(F)F', 0.5023980952928128), ('CN(C)C(=O)CCCCc1cccc(C(O)CCNC(=O)C(F)(F)F)c1', 0.4952393203214171)]",N#C[C@H](CCc1ccccc1)NC(=O)C(F)(F)CCCc1ccccc1
6,0.0003670651831416557,"[('Brc1ccc(Oc2ccc(Oc3ccccc3)cc2)nc1', 0.9848947338087982), ('Brc1cnc(Oc2ccccc2)nc1', 0.8017837257372731), ('Nc1ccc(Oc2ccccc2)nc1', 0.7544033562777499)]",Brc1ccc(Oc2ccccc2)nc1
7,0.0005113821017275473,"[('CC(C)CCNC(=O)c1ccc(N2CCN(C(=O)c3cc(Cl)ccc3C(F)(F)F)CC2)nn1', 0.8494119857293758), ('CC(C)CCNC(=O)c1ccc(N2CCN(C(=O)c3ccccc3[N+](=O)[O-])CC2)nn1', 0.7613686583983699), ('O=C(NCCC1CC1)c1ccc(N2CCN(C(=O)c3cc(F)ccc3Cl)CC2)nn1', 0.7455751826215626)]",CC(C)CCNC(=O)c1ccc(N2CCN(C(=O)c3cc(Cl)ccc3Cl)CC2)nn1
8,0.0004753363123803354,"[('Cc1cc(C(=O)CC(c2ccc(Br)cc2)c2ccc(F)cc2C)ccn1', 0.7205425634046536), ('Cc1cc(/C(C[C@H](c2ccccc2)c2ccccc2C)=N/O)ccn1', 0.7198027104901631), ('Cc1cc(C(=O)CC(c2ccc(Br)cc2)c2ccccc2C(F)(F)F)ccn1', 0.7066114348692322)]",Cc1cc(C(=O)CC(c2ccccc2)c2ccccc2)ccn1
9,0.00039266465331037393,"[('O=C(OCc1ccc([N+](=O)[O-])cc1)Oc1ccc([N+](=O)[O-])cc1', 0.7882544191057644), ('O=C(COc1ccc([N+](=O)[O-])cc1)OCCOC(=O)COc1ccc([N+](=O)[O-])cc1', 0.6459974160155039), ('CCOC(=O)Oc1ccc([N+](=O)[O-])cc1', 0.6421861885584226)]",O=C(O)COC(=O)OCc1ccc([N+](=O)[O-])cc1
10,0.0005869819217853908,"[('O=C(Nc1ccc(Oc2ccc3nc(NC(=O)C4CC4)cn3n2)cc1)c1cccc(C(F)(F)F)c1', 0.8122024567344415), ('O=C(Nc1cccc(Oc2ccc3nc(NC(=O)C4CC4)cn3n2)c1)c1cccc(C(F)(F)F)c1', 0.8069111791923886), ('O=C(Nc1cccc(Oc2ccc3nc(NC(=O)C4CC4)cn3n2)c1)c1cc(C(F)(F)F)cc(C(F)(F)F)c1', 0.76117796335147)]",O=C(Nc1cc(Oc2ccc3nc(NC(=O)C4CC4)cn3n2)c(Cl)cc1F)c1cccc(C(F)(F)F)c1
11,0.0004078154350602269,"[('COCOCc1coc(-c2ccccc2)n1', 0.48900964692182575), ('CCOC(=O)Cc1coc(-c2ccc(OCc3cscn3)cc2)n1', 0.40323291507499837), ('CCOC(=O)C=Cc1ccc(OCc2coc(-c3ccccc3)n2)c(OC)c1', 0.3992747047523452)]",OCC1(COCc2coc(-c3ccc(F)cc3)n2)COCOC1
12,0.00043946632077760344,"[('CC(=O)NC(C)Cn1cc(-c2ccccc2)c2ccccc2c1=O', 0.7496769330024561), ('O=c1c2ccccc2c(-c2ccccc2)cn1CCCO', 0.7171371656006361), ('CCn1cc(-c2ccccc2)c2ncccc2c1=O', 0.6334159813827913)]",CC(O)Cn1cc(-c2ccccc2)c2ccccc2c1=O
13,0.0004308145933313329,"[('CC(C)(C)OC(=O)Nc1nc2c(-c3cccc([N+](=O)[O-])c3)cc(Cn3ccnc3)cc2s1', 0.6490734136415512), ('CC(C)(C)OC(=O)Nc1nc2c(-c3cccc(Cl)c3)cc(Cc3ccc(N)cc3)cc2s1', 0.5717718748968657), ('CC(C)(C)OC(=O)Nc1nc2c(-c3cccc([N+](=O)[O-])c3)cc(C#N)cc2s1', 0.5239075936333302)]",CC(C)(C)OC(=O)Nc1nc2c(Br)cc(Cn3cccn3)cc2s1
14,0.0005348267494390227,"[('CCCCCCOc1cc2c(cc1N(CC)c1ccc(C(=O)OCC)cc1)C(C)=CCC2(C)C', 0.8744746321952063), ('CCOC(=O)c1ccc(N(CC)c2cc3c(cc2C)C(C)(C)CC=C3CC)cc1', 0.60380736442456), ('CCOC(=O)c1ccc(N(CC2CC2)c2cc3c(cc2C)C(C)=CCC3(C)C)cc1', 0.5955919154334868)]",CCCCCCOc1cc2c(cc1N(CC)c1ccc(C(=O)O)cc1)C(C)=CCC2(C)C
15,0.0004291126939384633,"[('Cc1cc(C)c(SCC(F)(F)F)cc1NC(=O)NCCCl', 0.4249182927993987), ('Cc1cc(C(=O)N(C)C)cc(N=C(c2ccccc2)c2ccccc2)n1', 0.3518657752744984), ('Nc1ccc(SCC(F)(F)F)cc1N', 0.3474041668898256)]",Cc1cc(F)c(N=C(c2ccco2)N(C)C)cc1SCC(F)(F)F
16,0.00038182662148039903,"[('C#CCOc1cc(OCc2ccccc2)ncn1', 0.7269996757416942), ('Brc1ccnc(OCc2ccccc2)c1', 0.6922999922571712), ('Brc1ccc(OCc2ccccc2)nc1', 0.6461763378901481)]",Nc1cc(OCc2ccccc2)ncn1
17,0.0004426345649398152,"[('O=c1[nH]c2ccc(Cl)cc2n1CCCN1CCC(O)(c2ccc(Cl)cc2)CC1', 0.472455591261534), ('O=C(c1cccc(F)c1)N1CC2CC2(c2ccc(Cl)cc2)C1', 0.4381780460041329), ('CCCCN1CC[C@]2(c3cccc(OC)c3)CC(=O)CC[C@H]2C1', 0.4242640687119285)]",O=c1[nH]c(=O)n(CCCN2CC3CC3(c3ccc(Cl)cc3)C2)cc1I
18,0.0004946475927703352,"[('CCOC(=O)C(NC(=O)OCc1ccccc1)C(=O)OCC', 0.6070704100502846), ('CCOC(=O)[C@H](Cc1ccccc1)NC(=O)[C@H](C)NC(=O)OCc1ccccc1', 0.5877538136452586), ('CC(O)[C@H](Cc1ccccc1)NC(=O)OC(C)(C)C', 0.5844437490220786)]",CCOC(=O)C(F)(F)C(O)C(Cc1ccccc1)NC(=O)OCc1ccccc1
19,0.0005005635856533741,"[('CCOC(=O)N1CC[C@H](Oc2cccc(F)c2)[C@H](c2ccccc2)C1', 0.8510497719203703), ('CCOC(=O)C1CCN(C(=O)c2ccccc2OCC)C1', 0.629940788348712), ('CCOC(=O)N1CC[C@H](c2cccc(-c3ccccc3)c2)[C@@H](O)C1', 0.6)]",CCOC(=O)N1CC[C@H](Oc2ccccc2F)[C@H](c2ccccc2)C1
20,0.0005829409908819705,"[('CCOC(=O)c1ccc(-c2cc(OC)c(OC)c(OC)c2)nc1', 0.524890659167824), ('CCOC(=O)Nc1c(C(=O)OC)sc2cc(OC)ccc12', 0.5161484925961388), ('COc1cc(C(=O)c2c[nH]c3nc(C)ccc23)cc(OC)c1OC', 0.5142857142857143)]",CCOc1ccc2c(C(=O)c3cc(OC)c(OC)c(OC)c3)cncc2c1NC(=O)OCC(C)C
21,0.00031507820497240726,"[('CCN1CCCN(C(=O)OC(C)(C)C)CC1', 0.7212976294639198), ('CC(C)(C)OC(=O)N1CCN(C[C@@H]2CO2)CC1', 0.6815827556433238), ('C#CCC1CCN(C(=O)OC(C)(C)C)CC1', 0.6737561639206373)]",C#CCN1CCN(C(=O)OC(C)(C)C)CC1
22,0.0005478352007358257,"[('C=CCNC1CCN(CCC(c2ccccc2)c2ccccc2)CC1', 0.6303043165084371), ('NCCN1CCC(NC(c2ccccc2)c2ccccc2)CC1', 0.5817445418232501), ('CC(C)(C)OC(=O)NC1CCN(CCC(c2ccccc2)c2ccccc2)CC1', 0.5701957143905587)]",N#Cc1ccc(NC2CCN(CCC(c3ccccc3)c3ccccc3)CC2)c(N)c1
23,0.00033976678262959045,"[('Cc1ccc(C=O)cc1I', 0.6605782590758164), ('CSc1cccc(Cl)c1C=O', 0.5729597091269405), ('Cc1ccccc1-c1ccc(C=O)cc1', 0.5512677243373713)]",CSc1cc(C=O)ccc1C
24,0.000494467684343064,"[('c1cc2c(ccn2CC2CCNC2)cc1-c1cnn(C2CCCCO2)c1', 0.7844645405527362), ('O=C(c1ccccc1)N1CCCC(Cn2ccc3cc(-c4cnn(C5CCCCO5)c4)ccc32)CC1', 0.6454972243679028), ('Clc1ccc(Sc2cnn(C3CCCCO3)c2)cc1', 0.4572355273656894)]",c1cc2c(ccn2CC2CC3CCC2N3)cc1-c1cnn(C2CCCCO2)c1
25,0.0004950594209889445,"[('CCNC(=O)Nc1nc2cc(-c3cnc(N4CCC(C)(C(=O)OCC)CC4)nc3)cc(C#N)c2s1', 0.7559289460184544), ('CCNC(=O)Nc1nc2cc(-c3cnc(N4CCC(CC)(C(=O)OCC)CC4)nc3)cc(C=O)c2s1', 0.7203295383882601), ('CCNC(=O)Nc1nc2cc(-c3cnc(N4CCC(C)(C(=O)OCC)CC4)nc3)cc(C#Cc3cncn3C)c2s1', 0.6599545966855683)]",CCNC(=O)Nc1nc2cc(-c3cnc(N4CCC(C)(C(=O)O)CC4)nc3)cc(Br)c2s1
26,0.0005407331214033346,"[('COc1cc2nccc(Oc3ccc(C)cc3C(=O)C3CCCC3)c2cc1OC', 0.989743318610787), ('COc1cc2nccc(Oc3ccc(C(=O)c4ccc(C)cc4)cc3)c2cc1OC', 0.6483355481931), ('COc1cc2nccc(Oc3ccc(NC(=O)C4CCCC4)cc3)c2cc1OC', 0.6393649518960314)]",COc1cc2nccc(Oc3ccc(C)cc3C(=O)C3CCCCC3)c2cc1OC
27,0.000577950857726325,"[('CSc1ncc2cc(-c3ccc(-c4cncc(C)n4)cc3Cl)c(=O)n(CCN3CCOC3=O)c2n1', 0.818065259762795), ('C=CCCn1c(=O)c(-c2ccc(-c3cncc(C)n3)cc2Cl)cc2cnc(SC)nc21', 0.7302522984177241), ('CSc1ncc2cc(-c3ccc(-c4cncc(C)n4)cc3Cl)c(=O)n(CC[C@H]3COC(C)(C)O3)c2n1', 0.7300901822433614)]",CSc1ncc2cc(-c3ccc(-c4cncc(C)n4)cc3Cl)c(=O)n(CCN3CCN(C4COC4)CC3)c2n1
28,0.0003996249960020456,"[('CC(=O)NC1CCN(c2cccc(Br)n2)CC1', 0.5881176352917641), ('COC(=O)[C@@H]1CC[C@@H](C(=O)c2ccc(Br)cn2)CC1', 0.5752237416355279), ('COC(=O)C1CCN(c2cccc(Cl)n2)CC1', 0.5288565345953851)]",CN1CCC(C(=O)c2cccc(Br)n2)CC1
29,0.0005764387955863972,"[('CC(C)C1=C(C(=O)N2CC[C@H](C(=O)O)C2)SC2=N[C@@](C)(c3ccc(Cl)cc3)[C@@H](c3ccc(Cl)cc3)N21', 0.8110350040397626), ('CC(=O)N(C)CCN(C)C(=O)[C@@H]1CCCN1C(=O)C1=C(C(C)C)N2C(=N[C@@](C)(c3ccc(Cl)cc3)[C@H]2c2ccc(Cl)cc2)S1', 0.7977240352174656), ('CC(C)C1=C(C(=O)N2CCN(C)CC2)SC2=N[C@@](C)(c3ccc(Cl)cc3)[C@@H](c3ccc(Cl)cc3)N21', 0.7799348942599983)]",CC(C)C1=C(C(=O)N2CCC[C@H]2C(=O)NN)SC2=N[C@@](C)(c3ccc(Cl)cc3)[C@@H](c3ccc(Cl)cc3)N21
30,0.0005783416066859346,"[('COc1ccc(CN(C(=O)C2CCCc3ccc(OC)cc32)c2ccc(OC)cc2)cc1', 0.5), ('CCC(=O)N(Cc1ccc(OC(F)(F)F)cc1)c1cccc(-c2nnn[nH]2)c1', 0.48349377841522817), ('O=C(C1CCCCC1)N(Cc1ccc(O)cc1)c1ccc(OCCN2CCCC2)cc1', 0.4834878436095887)]",O=C(O)c1ccc(N(Cc2ccc(OC(F)(F)F)cc2)Cc2ccc(C3CCCCC3)cc2)cc1
31,0.0004229304722464692,"[('Cc1c2n(c3c(-c4ccc(Cl)nc4)cc(F)cc13)CCNC2=O', 0.4193139346887673), ('Cc1c2n(c3c(-c4ccc(N)nc4)cc(Cl)cc13)CCNC2=O', 0.4193139346887673), ('Cc1c2n(c3c(-c4ccc(C#N)cc4)cc(Cl)cc13)CCNC2=O', 0.4128269191354983)]",CCn1nc(C)c2c1C(=O)NCC(c1cccc(O)c1)=N2
32,0.0005057573996323905,"[('CCOC(=O)C12CCC(NCC(=O)N3C[C@@H](F)C[C@H]3C#N)(CC1)CC2', 0.759915940687973), ('N#C[C@@H]1C[C@H](F)CN1C(=O)CNC12CCC(C(=O)OCc3c(F)c(F)c(F)c(F)c3F)(CC1)CC2', 0.7423074889580903), ('Cc1ccc(CNC(=O)C23CCC(NCC(=O)N4C[C@@H](F)C[C@H]4C#N)(CC2)CC3)cc1', 0.699688192956283)]",N#C[C@@H]1C[C@H](F)CN1C(=O)CNC12CCC(C(=O)OCc3ccc(Cl)cc3)(CC1)CC2
33,0.0007782090690940831,"[('C#CCOc1cc(OC)cc(OC)c1S(=O)(=O)OCC(C)(O)C(=O)[C@H](CC(C)C)NC(=O)[C@H](Cc1ccccc1)NC(=O)[C@H](CC(C)C)NC(=O)[C@H](CCc1ccccc1)NC(=O)CN1CCOCC1', 0.7897844000081545), ('CC(C)C[C@H](NC(=O)[C@H](CCc1ccccc1)NC(=O)CN1CCOCC1)C(=O)N[C@@H](Cc1ccccc1)C(=O)N[C@@H](CC(C)C)C(=O)[C@@](C)(CI)OC(=O)CCC(=O)O', 0.7409160960029225), ('COC[C@H](NC(=O)c1cnc(C)s1)C(=O)N[C@@H](COC)C(=O)N[C@@H](Cc1ccccc1)C(=O)[C@](C)(O)COS(=O)(=O)c1ccc(C)cc1', 0.6431146796863451)]",Cc1ccc(S(=O)(=O)OC[C@@](C)(O)C(=O)[C@H](CC(C)C)NC(=O)[C@H](Cc2ccccc2)NC(=O)[C@H](CC(C)C)NC(=O)[C@H](CCc2ccccc2)NC(=O)CN2CCOCC2)cc1
34,0.0006916247520692136,"[('CN(CCN1CCOCC1)c1ccc(O)c(C(=O)Nc2cc(-c3ccccc3)ccc2C(=O)OC(C)(C)C)c1', 0.8075728530872482), ('CN(C)CCN(C)c1ccc(C(=O)Nc2cc(-c3ccccc3)ccc2C(=O)OC(C)(C)C)c(OCc2ccccc2)c1', 0.7686731535219462), ('CN1CCN(CCc2ccc(OCc3ccccc3)c(C(=O)Nc3cc(-c4ccccc4)ccc3C(=O)OC(C)(C)C)c2)CC1', 0.7223151185146152)]",CN(CCN1CCOCC1)c1ccc(OCc2ccccc2)c(C(=O)Nc2cc(-c3ccccc3)ccc2C(=O)OC(C)(C)C)c1
35,0.0005395169185839069,"[('O=c1n(Cc2ccc(-c3ccno3)cc2)nc2c(-c3ccncc3)c(-c3ccc(F)cc3)cnn12', 0.7080104323938431), ('O=c1n(Cc2ccc(C(F)(F)F)nc2)nc2c(Br)c(-c3ccc(Cl)cc3)ccn12', 0.5721607829874622), ('O=c1n(Cc2ccc(C(F)(F)F)nc2)nc2c(-c3ccc(CO)cc3)c(-c3ccc(Cl)cc3)ncn12', 0.5668202012651358)]",O=c1n(Cc2ccc(-c3ccno3)cc2)nc2c(-n3ccnc3)c(-c3ccc(Cl)cc3)cnn12
36,0.0005252335072747384,"[('Cn1ncc2c(NC(=O)NCc3ccc(N4CCCCCC4)c(F)c3)cccc21', 0.6169714976639448), ('Cn1cc2ccc(NC(=O)c3c(F)cccc3NCc3ccnc(NC(=O)N4CCOCC4)c3)cc2n1', 0.5358751367269825), ('CC(C(=O)NCc1ccc(N2CCCCCC2)c(F)c1)c1cccc2cnccc12', 0.4993502271458874)]",O=C(NCc1cc(F)c(N2CCOCC2)c(F)c1)Nc1cccc2cnccc12
37,0.0004213192398388249,"[('COC(=O)c1cc(C)nn1Cc1ccccc1', 0.5333778947515783), ('COC(=O)c1cc(Cn2ncc(=O)c3ccccc32)ccc1F', 0.5328859083371861), ('CCOC(=O)c1nn(Cc2ccccc2F)c(N=[N+]=[N-])c1C=O', 0.5275043787166296)]",COC(=O)c1nnn(Cc2ccccc2F)c1C(=O)OC
38,0.0005321012595926873,"[('CCC(NC(=O)C(F)F)c1ccc(Cl)c2nc3n(c12)CCCN3c1ccc(Cl)cc1Cl', 0.7732464296008772), ('CCCC(OC)c1ccc(Cl)c2nc3n(c12)CCCN3c1ccc(Cl)cc1Cl', 0.7607068740587044), ('CCC(CC)c1ccc(Cl)c2nc3n(c12)CCN3c1ccc(Cl)cc1C#N', 0.6877931089583507)]",CCC(c1ccc(Cl)c2nc3n(c12)CCCN3c1ccc(Cl)cc1Cl)N(C)C(C)=O
39,0.0004110834133100302,"[('CC(O)=C1C(=O)CC(c2ccccc2Cl)CC1=O', 0.6087440187334217), ('Cc1n[nH]c2c1C(=NNC(=N)NO)CC(c1ccccc1Cl)C2', 0.5897678246195885), ('O=c1[nH]nc(-c2ccccc2)cc1C1CCNCC1', 0.4550550128401595)]",CCc1n[nH]c2c1C(=O)CC(c1ccccc1Cl)C2
40,0.00036444630719365977,"[('COC(=O)c1cccc(CBr)c1', 0.7254762501100116), ('COC(=O)c1cccc(CBr)c1', 0.7254762501100116), ('COC(=O)c1cc(F)cc(CBr)c1', 0.6343808196897538)]",COC(=O)c1cc(CBr)ccn1
41,0.0002792679422496022,"[('CCOC(=O)N=C(CCOC)OCC', 0.6546536707079771), ('CCOC(=O)CC(C)O', 0.48181205582971576), ('CCOC(=O)N=C(OCC)c1ccccc1Cl', 0.45834924851410563)]",CCOC(=O)N=C(CC(C)C)OCC
42,0.0005690672584781545,"[('CC1(C)CC2(CCCN(C3CCN(C(=O)c4cc(-c5ccncc5)sc4N)CC3)C2)C(=O)O1', 0.6861335298462106), ('CCN1C(=O)OC2(CCCN(C3CCN(C(=O)c4c(N)sc5ccccc45)CC3)C2)C1=O', 0.5808902741811898), ('Cc1c(-c2ccccc2)sc(N)c1C(=O)N1CCC(N2CCCC3(C2)CC(C)(C)OC3=O)CC1', 0.5786550172246638)]",Nc1sc(-c2ccccn2)cc1C(=O)N1CCC(N2CCCC3(CC(=O)N(C4CCC4)C3=O)C2)CC1
43,0.000467177029352096,"[('CC[C@H](C)n1cc(C(=O)NCc2ccc(S(C)(=O)=O)cn2)c(=O)c(Br)c1C', 1.0363754503432017), ('Cc1c(C(=O)O)cc(C(=O)NCc2ccc(S(C)(=O)=O)cc2)c(=O)n1-c1cccc(C(F)(F)F)c1', 0.48775864598387814), ('Cc1c(-c2cccc(C(F)(F)F)c2)c(=O)c(C(=O)NCc2ccc(S(=O)(=NC#N)C3CC3)cc2)cn1C(C)C', 0.47121756677979604)]",CC[C@@H](C)n1cc(C(=O)NCc2ccc(S(C)(=O)=O)cn2)c(=O)c(Br)c1C
44,0.0004462569857575169,"[('COCCn1cc(-c2cccc3cnc(Cl)cc23)cn1', 0.5954371961386479), ('C[C@@H](O)c1ccc2cnc(Cl)cc2c1', 0.4943939582304985), ('Clc1cc2ccccc2cn1', 0.48177621071893967)]",COC(C)(C)Cn1cc(-c2ccc3cnc(Cl)cc3c2)cn1
45,0.0005552791966609538,"[('CC(C)N1CCN(C(=O)c2cccc(CN3CCCCC3)c2)CC1', 0.5955500003825581), ('COc1ccc2cc(C(=O)C(C)N3CCN(c4cccc(Cl)c4)CC3)ccc2c1Cl', 0.5924555702128842), ('CC(C)N1CCN(C(=O)c2ccc3c(c2)cc(C(=O)N2CCC(F)(F)CC2)n3Cc2ccccc2)CC1', 0.5829872388792386)]",COc1ccc2cc(C(=O)C(C)N3CCN(Cc4ccccc4)CC3)ccc2c1
46,0.0004574011896256919,"[('COc1cccc([C@@H](Oc2ccc3c(cnn3-c3ccc(Cl)cc3)c2)[C@H](C)N)c1', 0.7242859683401482), ('CCc1cccc([C@@H](Oc2ccc3c(cnn3-c3ccc(F)cc3)c2)[C@H](C)N)c1', 0.7003009752518536), ('CC(N)C(Oc1cc2cnn(-c3ccc(F)cc3)c2cc1Cl)c1ccc(F)cc1', 0.5964683509671977)]",CC(C)n1ncc2cc(O[C@H](c3ccccc3)[C@H](C)N)ccc21
47,0.000521410276709442,"[('O=C(Nc1ccc(F)cc1)c1cc([N+](=O)[O-])c(Sc2c(Cl)cncc2Cl)s1', 0.8026331525381386), ('Cc1nc(NC(=O)c2cc([N+](=O)[O-])c(Sc3c(Cl)cncc3Cl)s2)sc1C', 0.6798933018943372), ('O=C(NCc1ccc(O)cc1)c1cc([N+](=O)[O-])c(Sc2c(Cl)cncc2Cl)s1', 0.6664078172425557)]",O=C(Nc1cccc2cnccc12)c1cc([N+](=O)[O-])c(Sc2c(Cl)cncc2Cl)s1
48,0.0006681951675391369,"[('CCOP(=O)(CCCOc1ccc(CCc2cnc3c(N)nc4cc(C)ccc4c3c2)c(C)c1)OCC', 0.631646247592105), ('COc1ccc(CCc2cnc3c(N)nc4cc(C)ccc4c3c2)c(C)c1', 0.5384629775652975), ('Cc1ccc2c(c1)nc(N)c1ncc(CCc3ccc(C(=O)N(C)CCN(C)C)cc3C)cc12', 0.508939511589525)]",CCOC(=O)CCc1ccc2c(c1)nc(N)c1ncc(CCc3ccc(OCCCC(F)(F)P(=O)(OCC)OCC)cc3C)cc12
49,0.000590419151872085,"[('O=[N+]([O-])c1cccc(CNc2nc(Cl)nc3sc4c(c23)CCCC4)c1', 0.7752567432166027), ('COC(=O)c1ccc(-c2nc(NCc3ccc4c(c3)OCO4)c3c(C)c(C)sc3n2)cc1', 0.6379539905962239), ('COC(=O)c1ccc(-c2nc(NCCc3ccccc3)c3c(C)c(C)sc3n2)cc1', 0.6054055145966812)]",COC(=O)c1ccc(-c2nc(NCc3cccc([N+](=O)[O-])c3)c3c4c(sc3n2)CCCC4)cc1
50,0.0005044864203367716,"[('COc1ccccc1CNC1=Nc2ccc(NC(=O)CN3CCN(C)CC3)cc2CO1', 0.4295695560309286), ('Cc1cccc(Nc2ccc3nc(Nc4cccc5c4OC(C)(C)C5)ccc3c2)n1', 0.41941115629780573), ('COC(=O)[C@H](CC(C)C)NC(=O)c1ccc(NCc2ncc[nH]2)cc1-c1ccccc1', 0.38754557265078654)]",CC1(C)Cc2cccc(NC3=Nc4ccc(NCc5ncc[nH]5)cc4CO3)c2O1
51,0.0006810550563795129,"[('CC(C)Oc1ncc(-c2nc(-c3ccc4c(c3)CCN(C(=O)[C@@H](NC(=O)OC(C)(C)C)[C@@H](C)O)CC4)no2)cc1C#N', 0.8725615372932939), ('CC(C)Oc1ncc(-c2nc(-c3ccc4c(c3)CCN(C(=O)[C@@H](N)[C@@H](C)O)CC4)no2)cc1C#N', 0.6628152960995027), ('CC(C)Oc1ccc(-c2nc(-c3cccc4c3CCN(C(=O)CCNC(=O)OC(C)(C)C)C4)no2)cc1C#N', 0.5828752780343233)]",Cc1c(-c2noc(-c3cnc(OC(C)C)c(C#N)c3)n2)ccc2c1CCN(C(=O)[C@@H](NC(=O)OC(C)(C)C)[C@@H](C)O)C2
52,0.0005008961692357456,"[('Nc1nccn2c(C3CCNCC3)nc(-c3cc4ccccc4[nH]3)c12', 0.7180703308172536), ('Cc1cc(-c2ccccc2)nc2cc(-c3nc([C@@H]4CC[C@@H](CO)CC4)n4ccnc(N)c34)ccc12', 0.6531972647421808), ('Nc1nccn2c(C3CCCCC3)nc(-c3ccc(Oc4ccccc4)cc3)c12', 0.6502597645919246)]",Nc1nccn2c(C3CCC3)nc(-c3ccc4[nH]ccc4c3)c12
53,0.00047858969330002814,"[('Cc1nc2c(Cl)ccc(OCC#N)c2c(C)c1Cc1ccc(Cl)cc1', 0.6434283176858165), ('Cc1c(Cc2ccc(Cl)cc2)c(OC(F)F)nc2c(Cl)ccc(OC(C)(C)C(=O)O)c12', 0.5097861040440587), ('Cn1c(Cc2ccc(C#N)cc2)nc2cc(N)ccc21', 0.4922782216081753)]",Cc1c(Cc2ccc(C#N)cc2)c(O)nc2c(Cl)ccc(O)c12
54,0.0004434067698216667,"[('c1coc(-c2cnc3c(c2)CC2(CN4CCC2CC4)O3)c1', 0.5303300858899106), ('c1cncc(-c2cnc3c(c2)CC2(CN4CCC2CC4)O3)c1', 0.5181369597808181), ('c1ccc2oc(-c3cnc4c(c3)C[C@@]3(CN5CCC3CC5)O4)cc2c1', 0.4627284809246385)]",NCCNc1ccnc2c1CC1(CN3CCC1CC3)O2
55,0.0003219798824423472,"[('O=S([O-])c1cccc(F)c1', 0.5842767412321216), ('NCCc1ccc(I)cc1', 0.4472135954999579), ('COc1ccc(S(=O)[O-])cc1[N+](=O)[O-]', 0.4364357804719847)]",O=S([O-])c1ccc(I)cc1
56,0.0003342958573166872,"[('CC(C)(C)OC(=O)N1CCCC(C(=O)O)C1', 1.0), ('CC(C)(C)OC(=O)N1CCCC(C(=O)O)C1', 1.0), ('CC(C)(C)OC(=O)N1CCC[C@@H](C(=O)N2CCCC2)C1', 0.8660254037844386)]",CC(C)(C)OC(=O)N1CCC[C@H](C(=O)O)C1
57,0.0003435535548456925,"[('CC(C)(C)OC(=O)N1CCC[C@@H](COS(C)(=O)=O)C1', 1.0), ('CC(C)(C)OC(=O)N1CCC(COS(C)(=O)=O)C1', 0.9219544457292888), ('CC(C)(C)OC(=O)N1CCC(CCOS(C)(=O)=O)CC1', 0.7661308776828738)]",CC(C)(C)OC(=O)N1CCCC(COS(C)(=O)=O)C1
58,0.00035671026269560945,"[('CC(C)(C)/C=N/S(=O)C(C)(C)C', 0.4309458036856673), ('CC(C)(C)[S@](=O)N=Cc1cccc(C#N)c1', 0.42526587428312096), ('Cc1cnc(/C=N/S(=O)C(C)(C)C)n1C', 0.3994677309684806)]",CC(C)(C)[S@@](=O)/N=C/C(F)c1ccccc1
59,0.00043415655790902496,"[('CC(C)CN(CC(C)C)C(=O)C(C)(C)c1ccc([N+](=O)[O-])c(NCCCN2CCCCC2)c1', 0.6222582962125834), ('CC(C)CN(CC(C)C)C(=O)C(C)(C)c1ccc(N)c(NCCCN(C)C)c1', 0.5622804020997709), ('COc1c(Cl)cc(C(C)(C)C)cc1[N+](=O)[O-]', 0.4572958526548715)]",CC(C)CN(CC(C)C)C(=O)C(C)(C)c1ccc([N+](=O)[O-])c(Cl)c1
60,0.0005293333433085537,"[('Cc1cnc(N2CCN(C(=O)c3ccc(N4C(=O)NCC4C)c(F)c3)CC2)c(C)c1', 0.709363339221843), ('Cc1cnc(N2CCN(C(=O)c3ccc(N4C(=O)NC[C@H]4C)nc3)CC2)c(C)c1', 0.6681215427174716), ('Cc1cc(C2CC2)cnc1N1CCN(C(=O)c2ccc(N3C(=O)N(C)C(=O)C3C)cc2F)CC1', 0.6583589693379592)]",Cc1cc(C)c(N2CCN(C(=O)c3ccc(N4C(=O)NCC4C)cc3F)CC2)nc1C
61,0.0005812256957842686,"[('CCC(=O)CN([C@H]1CCN([C@@H](C)C(=O)O)C1=O)S(=O)(=O)c1ccc2cc(Cl)ccc2c1', 0.40562287229631727), ('CC1c2ccc(N3CC[C@H](NS(=O)(=O)/C=C/c4ccc(Cl)s4)C3=O)cc2CCN1C(=O)OC(C)(C)C', 0.4052934992234893), ('CC(C)N1CCC(N2CCC[C@H](N(CC(N)=O)S(=O)(=O)c3ccc4cc(Cl)ccc4c3)C2=O)CC1', 0.4051436956703314)]",CCOC(=O)[C@H](C)N([C@H]1CCN(c2ccc3c(c2)CCCNC3)C1=O)S(=O)(=O)/C=C/c1ccc(Cl)s1
62,0.0004928072036955665,"[('Cc1c(-c2ccccc2)c(C2CCC(O)C2)n2c(nc3ccccc32)c1C#N', 0.5605258149177335), ('CCN[C@H]1CCN(c2c(-c3ccccc3)c(C)c(C#N)c3nc(C4CC4)oc23)C1', 0.535410026958012), ('Cc1c(-c2ccccc2)c(F)c2oc(N3CCOCC3)nc2c1C#N', 0.496742636335202)]",CNC1CN(c2c(-c3ccccc3)c(C)c(C#N)c3nc4ncccc4n23)C1
63,0.00038433230566573635,"[('CN(CCN1CCCC1C(=O)NC1C2CC3CC(C2)CC1C3)Cc1ccccc1', 0.5818124673178092), ('O=C(NC1C2CC3CC(C2)CC1C3)C1CCCNC1', 0.5331800225579063), ('CC(C)(C)OC(=O)N1CCC(NC2C3CC4CC(C3)CC2C4)CC1', 0.5317312246220784)]",CC(C)(N)CN1CCC[C@@H]1C(=O)NC1C2CC3CC(C2)CC1C3
64,0.0005489316438598972,"[('CN(C)c1ccc(CNc2ccc3ncc(C#N)c(Nc4ccc(F)c(Cl)c4)c3c2)c(F)c1C#N', 0.8498365855987975), ('N#Cc1cnc2ccc(NCc3ccccc3O)cc2c1Nc1ccc(F)c(Cl)c1', 0.7757529075830522), ('COCCOc1ccc(Br)cc1CNc1ccc2ncc(C#N)c(Nc3ccc(F)c(Cl)c3)c2c1', 0.7655590023509528)]",CN(C)c1ccc(CNc2ccc3ncc(C#N)c(Nc4ccc(F)c(Cl)c4)c3c2)c(Br)c1
65,0.00038997980447300773,"[('CCC/C=C\\c1ccccc1/C=C/C(=O)O', 0.5540548205602461), ('O=C(O)/C=C/c1ccc2ccccc2c1[N+](=O)[O-]', 0.5421047417431508), ('O=C(O)/C=C/c1ccc2[nH]ccc2c1', 0.5400617248673217)]",Cc1c[nH]c2c(/C=C/C(=O)O)cccc12
66,0.0004483478926808918,"[('O=C(/C=C/c1ccccc1Sc1ccc(F)cc1)NC1CCCCC1O', 0.8006407690254357), ('O=C(/C=C/c1cccnc1Sc1ccc(Br)cc1)NC1CCC(O)CC1', 0.46684978092392626), ('O=C(/C=C/c1ccco1)N[C@H]1CN2CCC1CC2', 0.4609772228646444)]",O=C(/C=C/c1ccccc1SC1CCCCC1)NC1CCCCC1O
67,0.0005398716010932089,"[('CC(C)C[C@H](NC(=O)C[C@H](O)C[C@H](O)C=CC(=C(c1ccc(F)cc1)c1ccc(F)cc1)c1nnnn1C)C(=O)O', 0.6113406364191519), ('CCOC(=O)C(C#N)=C(c1ccc(F)cc1)c1ccc(F)cc1', 0.38784964925515975), ('O=CC(=C(c1ccc(F)cc1)c1ccc(F)cc1)c1nnn(C(c2ccccc2)(c2ccccc2)c2ccccc2)n1', 0.37416573867739417)]",CCOC(=O)CC(=O)CC(O)C=CC(=C(c1ccc(F)cc1)c1ccc(F)cc1)c1nnnn1CC
68,0.0004314631257950479,"[('CC(C)(C)OC(=O)N1[C@@H](c2ccccc2)CC[C@H]1CO', 1.0488088481701516), ('CC(C)(C)OC(=O)N1[C@@H](CO)CC[C@H]1c1ccc(F)cc1', 0.8966530605331446), ('CC(C)(C)OC(=O)N1[C@H](CO)CC[C@@H]1c1ccc(F)c(F)c1', 0.806165794487189)]",CC(C)(C)OC(=O)N1[C@H](CO)CC[C@@H]1c1ccccc1
69,0.0003577380278346967,"[('Cc1cc(C=O)cc(C)c1OCCBr', 0.5835033765765117), ('CCCCOc1ccc(C=O)cc1C', 0.47010637094172636), ('CCCCCOc1ccc(C=O)cc1C', 0.4654746681256314)]",Cc1cc(NCCOc2c(C)cc(C=O)cc2C)no1
70,0.000485266758636515,"[('COc1ccc2[nH]c(=O)c3sccc3c2c1-c1ccc(NS(C)(=O)=O)c(C)c1', 0.5035149817638699), ('COc1cc(Nc2nc(-c3ccc(Cl)cc3Cl)cs2)ccc1-n1cnc(C)c1', 0.48736179028515186), ('CS(=O)(=O)Nc1ccc2c(c1)C(=O)NC2=O', 0.47559486560567094)]",COc1cc(Cl)ccc1-c1csc(C=O)c1-c1ccc(NS(C)(=O)=O)cc1C
71,0.0002919882077621564,"[('CCCOC(=O)c1c(O)cc(C)oc1=O', 0.4793612771621767), ('COC(=O)c1cc(O)c2cc(C)oc2c1', 0.40406101782088427), ('Cc1cc(O)c2c(=O)cc(C(=O)O)oc2c1', 0.38892223413129867)]",C#CCS(=O)c1c(O)cc(C)oc1=O
72,0.0006835755538092412,"[('CCOc1ccc(C(=O)CCC(=O)Nc2ccc(CN3CCOCC3)c(-c3ccccc3)c2)cc1OCC', 0.7517777397536104), ('COc1cccc(-c2cc(NC(=O)CCCN3CCOCC3)n[nH]2)c1', 0.5680469370371807), ('O=C(CCC(=O)c1ccc2c(c1)CCO2)Nc1cc(-c2ccc(CN3CCOCC3)cc2)cc(-c2ccccc2)n1', 0.5267940410848323)]",CCOc1ccc(C(=O)CCC(=O)Nc2cc(-c3ccc(OCCN4CCOCC4)cc3)c3ccccc3n2)cc1OCC
73,0.0003694117722332135,"[('Cn1c(C(F)(F)F)cc(=O)n(-c2c(F)cc(Cl)c([N+](=O)[O-])c2N)c1=O', 0.5332051127921528), ('Cn1c(C(F)(F)F)cc(=O)n(-c2cc(N)c(Cl)cc2F)c1=O', 0.530858818415757), ('N#Cc1cnn(-c2c(Cl)cc(C(F)(F)F)cc2Cl)c1N1CCC1=O', 0.5216660010645381)]",Nc1c(O)c(Cl)cc(F)c1-n1ncc(C(F)(F)F)cc1=O
74,0.0007107547025124488,"[('CC(=O)N=S(=O)(CCO)c1ccc(C(=O)Nc2ccc(Cl)cc2C(=O)Nc2ccc(Cl)cn2)cc1', 0.662476173388074), ('CC(C)(CO)c1ccc(C(=O)Nc2ccc(Cl)cc2C(=O)Nc2ccc(Cl)cn2)cc1', 0.6154708342611264), ('COC(=O)C(C)(C)c1ccc(C(=O)Nc2ccc(Cl)cc2C(=O)Nc2ccc(Cl)cn2)cc1', 0.5893235550088031)]",CCN1CCC(C(=O)N=S(C)(=O)c2ccccc2-c2ccc(C(=O)Nc3ccc(Cl)cc3C(=O)Nc3ccc(Cl)cn3)cc2)CC1
75,0.0005294909529027736,"[('C[C@@H]1CCCN1CCc1ccc(-c2ccc(C(=O)O)c(S(C)(=O)=O)c2)cc1', 0.6631299485245841), ('C[C@@H]1CCCN1CCc1ccc(-c2ccc3c(c2)CN(C(=O)CO)C3)cc1', 0.5970750989113958), ('C[C@@H]1CCCN1CCc1ccc(Br)cc1', 0.5904735420248883)]",CCOC(=O)CS(=O)(=O)c1ccc(-c2ccc(CCN3CCC[C@H]3C)cc2)cc1
76,0.0003760236344372585,"[('COc1c(N)cc(C(C)=O)cc1C(C)(C)C', 0.6562179588897107), ('COC(=O)c1cc(I)c(O)c(C(C)(C)C)c1', 0.49559462778335206), ('COc1c(C#N)cc(C(C)(C)C)cc1NC(=O)c1ccc(C)c(N=[N+]=[N-])c1', 0.47963209687927216)]",COc1c(NCC#N)cc(C(C)=O)cc1C(C)(C)C
77,0.00034811333571832623,"[('CC(=O)N1CCc2ccc(N)cc21', 0.6629935441317959), ('CC(=O)N1CCc2ccc(N)cc2CC1', 0.5989709790684635), ('COC(=O)N1CCc2ccc(Br)cc2CC1', 0.5795396978621709)]",CC(=O)N1CCc2cc(Br)cc(N)c21
78,0.0003232340690778963,"[('CCOC(=O)c1cn(-c2cccc(F)c2)nc1C(F)(F)F', 0.5879447357921312), ('CCOC(=O)c1ccc(S(=O)CC)nc1C(F)(F)F', 0.544905082703317), ('CCOC(=O)c1cnc(NN)nc1C(F)(F)C(F)(F)F', 0.5326632695523117)]",CCOC(=O)c1cn(CC(C)C)nc1C(F)(F)F
79,0.00040020485843463645,"[('Cc1cc(N)ccc1OCCN1CCCC1', 0.8100925873009825), ('Nc1ccc(OCCN2CCCC2)c(F)c1', 0.7857340827407755), ('Nc1ccc(OCCN2CCCC2)c(Cl)c1', 0.7857340827407755)]",COc1ccc(N)cc1OCCN1CCCCC1
80,0.0005815208673351504,"[('C[SiH](C)O[C@]1(CO)C[C@H](C(C)(C)C)CN1C(=O)OC(C)(C)C', 0.5400617248673216), ('C=CCOC(=O)N1C[C@@H](C(C)(C)C)C[C@@]1(CCCOS(C)(=O)=O)O[SiH](C)C', 0.4909289520440368), ('CC(C)(C)OC(=O)N1CCc2cc(OCCCc3ccc(F)cc3F)ccc21', 0.408248290463863)]",C[SiH](C)O[C@@]1(CCOc2ccc(F)cc2CCc2ccc(F)c(F)c2)C[C@H](C(C)(C)C)CN1C(=O)OC(C)(C)C
81,0.00033493115201275434,"[('Nc1ccc(OC2CCN(C3CCC3)CC2)cc1', 0.47749345545253286), ('Brc1nc2c(s1)CNCC2', 0.43588989435406733), ('c1cc(N2CCOCC2)ncc1-c1nc2c(s1)CCN(C1CCC1)CC2', 0.4051902077760665)]",C1CC(N2CCC(Oc3nc4c(s3)CNCC4)CC2)C1
82,0.00045177480806739,"[('O=C(Nc1ccc(Cl)cc1)C(O)c1ccccc1Cl', 0.6446898479113813), ('O=C(Nc1ccc(Cl)cc1C(O)c1ccccc1Cl)C(F)(F)F', 0.6236095644623235), ('COc1cccc(C(O)c2cc(Cl)ccc2N)c1C', 0.5749396103553447)]",CC(=O)Nc1ccc(N)c(C(O)c2ccccc2Cl)c1
83,0.0004221878498845606,"[('CNC(=O)CC(c1ccccc1)c1c[nH]c2cccnc12', 0.6060915267313264), ('CNCCC(c1ccccc1)c1ccc2[nH]nc(OC)c2c1', 0.5745811871875518), ('CNCCC(c1ccc(Cl)cc1)c1ccc(-c2cn[nH]c2)cc1', 0.5669467095138409)]",CNCC[C@H](c1ccccc1)c1c[nH]c2ncccc12
84,0.0005360905630257657,"[('COc1ccc(CN2C(=O)c3ccccc3C2=O)cc1', 0.6073717604833642), ('COc1ccc(CN2C(=O)C=C(c3ccccc3)C2=O)cc1', 0.5892074340592387), ('COc1ccc2c(c1)C(c1ccccc1)=NCC(=O)N2C', 0.5818573654517123)]",COc1cc(CN2C(=O)CN=C(c3ccccc3)c3ccccc32)cc(OC)c1
85,0.00043907437221323,"[('CCCN1CC(C)(C)OC(=O)C1CC(=O)Nc1ccc(C(C)C)cc1', 0.9198662110077999), ('CC(C)c1ccc(NC(=O)CC2C(=O)OC(C)(C)CN2c2ccccc2)cc1', 0.8020441719763131), ('CCN1CC(C)(C)OC(=O)C1CC(=O)Nc1ccc(Oc2ccccc2)cc1', 0.7254762501100116)]",CCN1CC(C)(C)OC(=O)C1CC(=O)Nc1ccc(C(C)C)cc1
86,0.0004210924444124248,"[('c1ccc(-c2ccnc(N3CCNCC3)n2)cc1', 0.6553664130755316), ('CC(C(=O)c1ccccc1)N1CCN(c2nc3nccc(-c4ccncc4)n3n2)CC1', 0.5497574470803896), ('O=S1CCN(c2nc(N3CCNCC3)nc3cccnc23)CC1', 0.549169647365276)]",c1cncc(-c2ccnc3nc(N4CCNCC4)nn23)c1
87,0.0003248037847866017,"[('Nc1ccnc(SCCCCO)n1', 0.5231663608689894), ('CCCSc1nc(O)c(N)c(O)n1', 0.5063696835418333), ('CSc1nc(F)cc(NN)n1', 0.4714045207910317)]",CCCSc1nccc(NN)n1
88,0.0003615016174782425,"[('CC(=O)Nc1ccc(C(C)=O)c2c1OCCO2', 0.7608859102526822), ('CC(=O)NCCc1cccc2c1OCCO2', 0.5850315416812197), ('Nc1cccc2c1OCCO2', 0.563436169819011)]",CC(=O)Nc1cccc2c1OCCO2
89,0.0005506251339713062,"[('O=C(O)COc1ccc(SCc2cccc(OCc3ccc(C(F)(F)F)cc3)c2)c2c1CCC2', 0.8493005801304012), ('O=C(O)COc1ccc(SCc2ccc(OCc3ccc(Cl)cc3)cc2)c2c1CCC2', 0.7361516093300292), ('O=C(O)COc1ccc(SCc2ccc(OCc3ccc(F)cc3F)cc2)c2c1CCC2', 0.7152191702817128)]",O=C(O)COc1ccc(SCc2ccc(Cc3ccc(C(F)(F)F)cc3)cc2)c2c1CCC2
90,0.0005334280230276926,"[('Fc1cnc(-c2cc(-c3cnnc(-c4ccncc4F)c3)ccc2F)c(F)c1', 0.6992598560976779), ('N#Cc1cccnc1-c1cc(-c2cnnc(-c3c(F)cncc3F)c2)ccc1F', 0.5924415587055517), ('NC(=O)c1ncc(-c2cccc(-c3ccccc3C(F)(F)F)c2)[nH]1', 0.5270462766947299)]",Fc1cnc(-c2cc(-c3ccc(F)c(-c4ccccc4C(F)(F)F)c3)cnn2)c(F)c1
91,0.00037357946255128674,"[('COC(=O)c1ccc(O)cn1', 0.5613835722137897), ('COC(=O)c1ccc(O)cn1', 0.5613835722137897), ('COC(=O)c1ccc(-c2cccnc2)cc1', 0.5319710492864358)]",COC(=O)c1cncc(-c2ccco2)n1
92,0.00046498987124622123,"[('O=C(c1ccc(F)cc1)c1ccc2n1CCC2C(=O)O', 0.6482037235521644), ('COC(=O)c1ccccc1C1CCC1', 0.5362007375111091), ('COC(=O)C1CCN(c2cccc(Cl)n2)CC1', 0.5188375687359239)]",COC(=O)C1CCCn2c(C(=O)c3ccccc3)ccc21
93,0.0004892138995313859,"[('O=C(Nc1cc(O)ccc1CCCl)c1cc2cc([N+](=O)[O-])ccc2[nH]1', 0.5554920598635309), ('CC(=O)Nc1nc2cc(-c3cnc(Cl)c(NS(=O)(=O)c4ccc(F)cc4)c3)ccc2[nH]1', 0.5249978125136718), ('CC(C)N1CCCC(c2ccc3[nH]c(C(=O)Nc4cc(F)cc(F)c4)cc3c2)C1', 0.5105777660380579)]",CCS(=O)(=O)c1ccc(O)c(NC(=O)c2cc3cc(F)ccc3[nH]2)c1
94,0.0005271131278039905,"[('CCN(CC)CCn1ccc2cc(NS(=O)(=O)c3ccc(-c4ccccc4)cc3)ccc21', 0.8923543557893895), ('CCOC(=O)c1cccc(NS(=O)(=O)c2ccc3ccccc3c2)c1', 0.5708992257184502), ('CN(C)C(=O)C(=O)c1c[nH]c2ccc(NS(=O)(=O)c3ccc4ccccc4c3)cc12', 0.5163977794943222)]",CCN(CC)CCn1ccc2cc(NS(=O)(=O)c3ccc4ccccc4c3)ccc21
95,0.00046764321617685,"[('Cc1cccc(CCOCc2ccccc2)c1CNc1cc(C(N)=O)cn2c(C)c(C)nc12', 0.6936273359080373), ('CCc1cccc(C)c1CNc1cc(C)cn2c(C)c(C)nc12', 0.6926471828716478), ('Cc1cccc(C)c1CNc1cc(-n2cc(C(=O)O)ccc2=O)cn2c(C)c(C)nc12', 0.6787935713942798)]",Cc1ccccc1CNc1cc(C(N)=O)cn2c(C)c(C)nc12
96,0.00045864546345500407,"[('CC(=O)c1ccc(Cl)c(-c2cccc(NC(=O)[C@@H]3C[C@@H](F)CN3)c2F)c1', 0.816496580927726), ('Nc1cccc(-c2ncccc2Cl)c1F', 0.528680532637681), ('Nc1ccccc1NC(=O)c1ccc(-c2ncccc2Cl)cc1', 0.5037175233040657)]",O=C(Nc1cccc(-c2ncccc2Cl)c1F)[C@@H]1C[C@@H](F)CN1
97,0.0004917527631182633,"[('Cc1ccc(COc2ccc3c(CC(=O)O)csc3c2)c(C)n1', 0.599288766633993), ('CCOC(=O)c1sc2cc(OCc3ccc(Cl)cc3Cl)ccc2c1OCC(=O)OC(C)(C)C', 0.5666863436174397), ('COC(=O)c1ccc(Br)c(OCCc2ccc(Cl)cc2Cl)c1', 0.5066778817952863)]",CS(=O)(=O)NC(=O)Cc1csc2cc(OCc3ccc(Cl)cc3Cl)ccc12
98,0.0003183436320476715,"[('CN(C)C(=O)n1nc(C(C)(C)C)nc1SCC(=O)O', 0.4476660119995655), ('CNC(=O)n1nc(C(C)(C)C)nc1OCc1ccccc1', 0.4103259033241449), ('CCOC(=O)c1cc(C(C)(C)C)nn1CCN(C)C', 0.39344473768231686)]",COCCn1nc(C(C)(C)C)nc1CC(=O)O
99,0.0004931312060056306,"[('Cc1ccc(S(=O)(=O)OCCC2(O)CCCCC2)cc1', 0.5316347129188382), ('CC(C)[C@H]1c2ccc(F)cc2CC[C@]1(O)CCN(C)CCCc1nc2ccccc2[nH]1', 0.5104369752547282), ('COCCOS(=O)(=O)c1ccc(C)cc1', 0.4172614801981401)]",Cc1ccc(S(=O)(=O)OCC[C@]2(O)CCc3cc(F)ccc3[C@H]2C(C)C)cc1
100,0.0003070570737356427,"[('Cc1nc2c(-n3cncn3)cc(Br)cn2c1C', 0.5291502622129182), ('COC(=O)c1nc(C)ccc1-n1cncn1', 0.5216660010645381), ('Clc1cncc(-n2cncn2)n1', 0.48224282217041214)]",COc1cc(C)nc(-n2cncn2)n1
101,0.0004401376239417454,"[('CN1C2CCC1CC(c1c[nH]c3cc(F)ccc13)C2', 0.49027522851132666), ('O=C1CCC(c2c[nH]c3cc(F)ccc23)CC1', 0.48911598804451845), ('Fc1ccc(F)c(C2CCCN2)c1', 0.42640143271122083)]",CS(=O)(=O)N1CC(c2c[nH]c3cc(F)ccc23)C2NCCC21
102,0.0005514434321067785,"[('C(=NNc1cc(N2CCOCC2)n2nc(-c3ccccc3)cc2n1)c1cccc2[nH]ccc12', 0.7602045506994217), ('C=C(C)c1cccc(C=NNc2cc(N3CCOCC3)n3nc(-c4ccncc4)cc3n2)c1', 0.7521934163883311), ('C=C(C)c1cccc(C=NNc2cc(N3CCOCC3)c3nc(-c4ccncc4)cn3n2)c1', 0.6030226891555273)]",COc1cccc(C=NNc2cc(N3CCOCC3)n3nc(-c4ccccc4)cc3n2)c1
103,0.0005283840211099912,"[('COc1ccc(Cn2c(C)cc(OCc3ccccc3C#N)cc2=O)c(OC)c1', 0.7080439675238746), ('COC(=O)c1ccc(C)c(-n2c(C)cc(OCc3ccc(F)cc3CN)c(Cl)c2=O)c1', 0.5380478145906489), ('COC(=O)c1ccc(Cn2c(C)cc(OCc3ccccc3C#N)c(Br)c2=O)cc1', 0.5280036730818062)]",COc1ccc(Cn2c(C)cc(OCc3ccccc3CN)c(C)c2=O)c(OC)c1
104,0.0004406596269161133,"[('CC(C)n1c(=O)n(-c2ccc(O)cc2)c2ncc(Cl)cc21', 0.7766431633476233), ('CCn1c(=O)n(-c2ccc(-n3ncc4cccnc43)cc2)c2ncccc21', 0.6407232755171874), ('CC(C)CCn1c(=O)c(=O)n(-c2ccccc2)c2cnc(Cl)nc21', 0.5143444998736397)]",CCn1c(=O)n(-c2ccc(O)cc2)c2ncc(Cl)cc21
105,0.000471011774242623,"[('O=C(NCc1ccc(Cl)cc1Cl)c1cc(-c2cccnc2)n[nH]c1=O', 0.716312395729588), ('O=C(O)c1cc(F)ccc1NCc1ccncc1', 0.5675043538391658), ('Cc1cc(-c2ccc(CNC(=O)c3ccc(-c4ccccn4)cc3)cc2)ccn1', 0.5554776320604594)]",O=C(NCc1ccncc1)c1cc(-c2ccncc2)n[nH]c1=O
106,0.0002826675204101817,"[('O=c1[nH]ccc2scc(N3CCOCC3)c12', 0.5309310266899466), ('Cc1cc2[nH]c(C)nc(N3CCOCC3)c-2n1', 0.5), ('CSc1c(Cl)nc(Cl)nc1N1CCOCC1', 0.49844478627922684)]",O=c1[nH]cc(Br)nc1N1CCOCC1
107,0.0005855644213870613,"[('O=C1NC(=O)C(Cc2ccc(OCc3ccc(Cl)cc3)cc2)S1', 0.4931969619160719), ('COC(=O)[C@@H](N)Cc1ccc(OCc2ccsc2)cc1', 0.48971142734349504), ('O=C1NC(=O)C(Cc2ccc(OCCC3OCCO3)cc2)S1', 0.4855500342486197)]",COC(=O)C(Cc1cc(OC)cc(OC)c1)c1ccc(Oc2ccc(CC3SC(=O)NC3=O)cc2)cc1
108,0.0005185915826934104,"[('CC(C)(C)OC(=O)N1CC[C@H]1COc1cncc(-c2cccc(OCCCc3ccccc3)c2)c1', 0.6144728257020163), ('COCCOc1cncc(OC[C@@H]2CCCN2C)c1', 0.5842767412321216), ('CC(C)(C)OC(=O)N1CCC[C@H]1COc1cncc(N2CC[C@@H](COCCCc3ccccc3)C2)c1', 0.5578865240686262)]",CN1CCC[C@H]1COc1cncc(-c2cc(CCCOc3ccccc3)no2)c1
109,0.0004878640675038348,"[('O=C(Nc1nccs1)C(CC1CCCC1)c1ccc(C#Cc2ccccn2)cc1', 0.7427689795149213), ('CCC(C)(O)C#Cc1ccc(C(CC2CCCC2)C(=O)OC)cc1', 0.7063046178186345), ('O=C(Nc1nccs1)C(CC1CCCC1)c1ccc(C#CCN2CCOCC2)cc1', 0.697076389614328)]",CCC(C)(O)C#Cc1ccc(C(CC2CCCC2)C(=O)Nc2nccs2)cc1
110,0.00041755347489499684,"[('COC(=O)[C@H](CCc1ccc(Cl)cc1)NC(=O)OC(C)(C)C', 0.48686449556014766), ('COC(=O)C(CCCO)NC(=O)OC(C)(C)C', 0.47946330148538413), ('COC(=O)[C@H](Cc1ccc(CCCC(C)O)s1)NC(=O)OC(C)(C)C', 0.46188021535170065)]",COC(=O)[C@H](CCN(C(=O)OC(C)(C)C)c1ncc(C=O)s1)NC(=O)OC(C)(C)C
111,0.0006016117502542878,"[('Cc1cccc(C)c1C(=O)NC(c1ccccc1)C12CCC(CC1)N2C', 0.5595240393720441), ('Cc1cccc(F)c1C(=O)N[C@H](c1ccccc1)C12CCC(CC1)N2C', 0.5236982608535689), ('CN(CC1CC1)C1(C(NC(=O)c2cccc(C(F)(F)F)c2Cl)c2ccccc2)CCCC1', 0.49114974312875154)]",Cc1cccc(C)c1C(=O)NC(c1ccccc1)C1(N(Cc2ccccc2)Cc2ccccc2)CCCC1
112,0.00017345436257483685,"[('OCC#Cc1ccsc1', 0.3275357896270117), ('OCC#Cc1ccc(Br)cn1', 0.3063358324269934), ('Cc1cc(C)cc(C#CCO)c1', 0.2939723678960656)]",OCC#CCBr
113,0.0006597859045246536,"[('CC(C)(C)OC(=O)NC1CCCCCC=CC2CC2(C(=O)NS(=O)(=O)C2CC2)NC(=O)C2CC(OC(=O)c3ccc4c(c3)OCO4)CN2C1=O', 0.966841563388569), ('CC(C)(C)OC(=O)NC1CCCCCC=CC2CC2(C(=O)NS(=O)(=O)C2CC2)NC(=O)C2CC(OC(=O)c3ccc4ccccc4c3)CN2C1=O', 0.8663462889976945), ('CC(C)(C)OC(=O)NC1CCCCCC=CC2CC2(C(=O)NS(=O)(=O)C2CC2)NC(=O)C2CC(OC(=O)c3ccc(F)cc3)CN2C1=O', 0.8550221935694933)]",CC(C)(C)OC(=O)NC1CCCCCC=CC2CC2(C(=O)NS(=O)(=O)C2CC2)NC(=O)C2CC(OC(=O)c3ccc4c(c3)OCCO4)CN2C1=O
114,0.00043679069697544654,"[('CC(C)(C)OC(=O)N1CCC(O)(c2ccccc2)CC1', 0.801438352589335), ('CC(C)(C)OC(=O)N1CCC(O)(c2ccc(Cl)cc2)CC1', 0.7396705090823068), ('Cc1cccc(C2(O)CCN(C(=O)OC(C)(C)C)CC2)c1', 0.7190318509781667)]",CC(C)(C)OC(=O)N1CCC(O)(c2ccccc2S)CC1
115,0.0003636134576974279,"[('c1ccc2c(c1)NCCC2C1CCOC1', 0.5811291331695448), ('c1ccc(C2CNc3ccccc32)cc1', 0.5118146753994672), ('CC(=O)N1CCC(C2CNc3ccccc32)CC1', 0.5117282421175202)]",FC(F)C1CCNc2ccccc21
116,0.000462172506800048,"[('O=C(O)c1cc(OCCBr)c2ccccc2c1O', 0.7136508394594355), ('O=C(COc1cc(C(=O)O)c(O)c2ccccc12)c1ccccc1', 0.6653478391304605), ('O=C(O)c1cc(OCC(Br)CBr)c2ccccc2c1O', 0.6266795614405123)]",CCS(=O)(=O)CCOc1cc(C(=O)O)c(O)c2ccccc12
117,0.0004959213631496108,"[('FC(F)(F)c1cccc(Cn2nnc3ccccc32)c1', 0.4750845494789375), ('COc1cc(C=O)ccc1OCc1nc(-c2cccnc2)oc1C', 0.4460257750875395), ('CCn1nc(C=O)c(=O)c2c(Cl)c(OCc3ccc(OC)cc3)c(OCc3ccc(OC)cc3)cc21', 0.4325930751807113)]",COc1cc(C=O)ccc1OCc1nnn(Cc2cccc(C(F)(F)F)c2)c1I
118,0.00034597502997337843,"[('CCC(=O)COc1cc(N)c(Cl)cc1C(=O)NCCN(CC)CC', 0.5163977794943222), ('CCN(CC)CCNC(=O)c1cc(Cl)c(N)cc1OCC(=O)C(C)C', 0.4977368134706041), ('Cc1cnc2[nH]c3c(C)c(C(=O)NCCN(C)C)cc(Cl)c3c2c1', 0.4793724854411022)]",CCN(CC)CCNC(=O)c1cc(C)[nH]c1C=O
119,0.0002675442798494945,"[('COc1nc(F)ccc1F', 0.5512677243373713), ('COc1cnccc1C#N', 0.5163977794943222), ('COc1cnc(Cl)c(C#N)c1', 0.5093363361531773)]",COc1ncc(F)nc1C#N
120,0.0005620781590025458,"[('COC(=O)C1Cc2ccccc2N1S(=O)(=O)c1ccc(Cl)c(Cl)c1', 0.555858680996741), ('CCOC(=O)c1ncc2c(c1COC)c1c(OCc3ccccc3)cccc1n2S(=O)(=O)c1ccc(C)cc1', 0.5365329878570595), ('O=C(O)c1cc2c(n1S(=O)(=O)c1ccc(Cl)c(Cl)c1)CCCC2', 0.5251050315105037)]",COC(=O)c1cc2cc(OCc3ccccc3)ccc2n1S(=O)(=O)c1ccc(Cl)c(Cl)c1
121,0.0006097808341529028,"[('CC(C)(N[C@@H]1C[C@H](c2cccc(OC(F)(F)F)c2)N(c2ccc(OC(F)(F)F)cc2)C1=O)c1cccc(C(F)(F)F)n1', 0.8885233166386386), ('COc1ccc(N2CC(c3cccc(C(F)(F)F)c3)N(c3ccc(Oc4ccc(Cl)cc4)cc3)C2=O)cc1', 0.4947088457924147), ('CC(C)(C)OC(=O)NN1C(=O)CCCC1c1cccc(C(F)(F)F)c1', 0.4448236593768057)]",COc1cccc([C@H]2C[C@@H](NC(C)(C)c3cccc(C(F)(F)F)n3)C(=O)N2c2ccc(C(F)(F)F)cc2)c1
122,0.0004478141874724798,"[('N#Cc1ccc(Nc2ccc(OC(F)(F)F)cc2)c([N+](=O)[O-])c1', 0.6175663958165147), ('COC(=O)c1ccc(Nc2ccc(CN)nc2)c(C(F)(F)F)c1', 0.48900964692182575), ('CC(C)Oc1ccccc1-c1ccc(C(=O)O)c(Nc2ccc(F)cc2)c1', 0.47689070987373994)]",CC(C)Oc1ccc(Nc2ccc(C#N)cc2)c(C(F)(F)F)c1
123,0.00045244911226664726,"[('Cc1ccc(O)c(N=Cc2ccc(-c3ccccc3C(F)(F)F)o2)c1', 0.848528137423857), ('Oc1ccccc1N=Cc1ccc(-c2cccc(Cl)c2)o1', 0.6642111641550715), ('Oc1ccc2c(N=Cc3ccccc3)cccc2c1', 0.47989897926858555)]",Oc1ccccc1N=Cc1ccc(-c2ccccc2C(F)(F)F)o1
124,0.0004574313439750084,"[('CC(=O)Nc1ccc(CCN2CCN(c3nsc4ccccc34)CC2)cc1Br', 0.5770715579645067), ('CC(=O)Nc1c(C)cccc1CCN1CCN(c2nsc3ccccc23)CC1', 0.5721721352713294), ('COc1cc(CCN2CCN(c3nsc4ccccc34)CC2)c([N+](=O)[O-])cc1OC', 0.5381999855461101)]",CCOC(=O)CCN1CCN(c2nsc3cc(F)ccc23)CC1
125,0.0003830314359974922,"[('CC(C)[Si](C(C)C)(C(C)C)n1ncc2cc(C(=O)c3ccccc3C#N)ccc21', 0.45111506844103744), ('CC(C)[Si](C(C)C)(C(C)C)n1cc(N2CCN(C)CC2)c2ccccc21', 0.44788761788017434), ('CC(C)[Si](C(C)C)(C(C)C)n1ccc2ccc(N3CCN(C)CC3)nc21', 0.44788761788017434)]",COC(=O)c1cccn1[Si](C(C)C)(C(C)C)C(C)C
126,0.0005490315778741529,"[('CN(C)Cc1c(OCC2CC2)ccc2c(CCC3CCN(Cc4ccsc4)CC3)noc12', 0.8707193427925232), ('CCCOc1ccc2c(CCC3CCN(Cc4ccccc4)CC3)noc2c1CN(C)C', 0.8045628804334864), ('CN(C)Cc1c(OCC2CC2)ccc2c(CCC3CCN(Cc4ccc(C#N)n4C)CC3)noc12', 0.7889194017095931)]",CN(C)Cc1c(OCC2CC2)ccc2c(CCC3CCN(Cc4ccc(Cl)cc4)CC3)noc12
127,0.0005045044945468487,"[('CN(C)C(=O)[C@H]1CCCCN1C1CCN(CC[C@H](CN(C)C(=O)c2ccccc2)c2ccc(Cl)c(Cl)c2)CC1', 0.4147758195817894), ('CC(=O)N(C1CCCCC1)C1CCN(CCC(CN(C)C(=O)c2ccccc2)c2ccc(Cl)c(Cl)c2)CC1', 0.4035284984262519), ('COC(=O)[C@@H]1CCCN1C(=O)CN(C)C(=O)[C@@H](N)CCCC(N)C(=O)OCc1ccccc1', 0.3933978962347216)]",CCCCC(NC(=O)c1ccccc1)C(O)CN(C)C(=O)N1CCC[C@H]1C(=O)O
128,0.0005195694677789986,"[('O=C(NC1CCCc2c1[nH]c1ccc(Br)cc21)c1ccc(C(F)(F)F)cc1', 0.65773504134673), ('Clc1ccccc1NC1CCCc2c1[nH]c1ccc(Br)cc21', 0.6106580268910347), ('O=C(NC1CCCc2c1[nH]c1ccccc21)c1ccccc1', 0.5878552291949127)]",O=C(NC1CCCc2c1[nH]c1ccc(Br)cc21)OCc1ccccc1
129,0.0006869469689614085,"[('CC(=O)c1ccc2cc(C(O)(c3cn(C(c4ccccc4)(c4ccccc4)c4ccccc4)cn3)C(C)C)ccc2c1', 0.5662497864360044), ('COC(=O)c1cccc(F)c1-c1cn(C(c2ccccc2)(c2ccccc2)c2ccccc2)cn1', 0.5576927205999839), ('CNC(=O)c1ccc2cc([C@@](O)(CCO)c3cn(C(c4ccccc4)(c4ccccc4)c4ccccc4)cn3)ccc2c1', 0.5446016058467962)]",C[SiH](C)Oc1c(C(=O)c2cn(C(c3ccccc3)(c3ccccc3)c3ccccc3)cn2)ccc2cc(C(C)(C)C)ccc12
130,0.0005290597009008552,"[('CCC1OC(=C2C(=O)Nc3ccc(F)cc32)c2ncccc21', 0.6229049206616153), ('O=C1Nc2ccc(F)cc2C1=C1OCc2nc(C(=O)O)ccc21', 0.5340380954300923), ('NCc1ccc2c(c1)C(Cc1ccccc1)NC2=O', 0.5201564866102993)]",O=C1Nc2ccc(F)cc2C1=C1OC(c2ccccc2)c2cc(CO)ccc21
131,0.0005404593010270563,"[('O=C(O)CC1CCN(CCCN2c3ccccc3CCc3ccccc32)C1', 0.6634180106012524), ('CCOC(=O)C1CCCCN1CCCN1c2ccccc2CCc2ccccc21', 0.6445843442273973), ('C[C@H]1CN(CCCCN2C(=O)CCC(=O)c3ccccc32)CCN1', 0.5925345379666789)]",CCOC(=O)C1CN(CCCN2c3ccccc3CCc3ccccc32)CCN1
132,0.0005332116062702962,"[('CCOC(=O)[C@H](CCc1ccccc1)N[C@@H](CCCCNC(=O)OCc1ccccc1)C(=O)OC(C)(C)C', 0.5086443618814731), ('Nc1cc(-c2ccc(F)c(F)c2)ccc1C(=O)N[C@@H](CCC(=O)OCc1ccccc1)C(=O)OCc1ccccc1', 0.4861527926641233), ('CCOC(=O)CC[C@H](NC(=O)c1ccc(NCCCc2c(N(C(C)=O)C(C)=O)nc(NC(C)=O)[nH]c2=O)c(C)c1)C(=O)OCC', 0.4724282017376836)]",CCOC(=O)CC[C@H](NC(=O)CCc1cc(Cl)ccc1C(=O)CCCNC(C)=O)C(=O)OCC
133,0.0003794996221256548,"[('N#Cc1cc(F)ccc1N1CCNCC1', 0.8911327886790068), ('N#Cc1ccc(N2CCNCC2)cc1F', 0.7679476477883045), ('N#Cc1cc(N2CCNCC2)ccc1F', 0.7416198487095663)]",N#Cc1ccc(F)cc1N1CCNCC1
134,0.0005259356185994368,"[('COc1cc(S(C)(=O)=O)c2c(Sc3ccc(Cl)cc3)c3n(c2c1)CCC3CC(=O)O', 0.7231687029822108), ('CS(=O)c1cccc2c1c(-c1ccc(Cl)cc1)c1n2CCCC1CC(=O)O', 0.48313740350249224), ('Cn1cccc1-c1cc(F)cc2c1c(Sc1ccc(Cl)cc1)c1n2CCC1CC(=O)N1C(=O)OC[C@@H]1Cc1ccccc1', 0.4271635449059307)]",CS(=O)(=O)c1ccnc2c1c(Sc1ccc(Cl)cc1)c1n2CCCC1CC(=O)O
135,0.0006614530549935608,"[('O=C(O)c1cccc2cc(-c3ccc(OCc4c(-c5c(Cl)cccc5Cl)noc4C4CCC4)cc3)ccc12', 0.9168313422570846), ('COC(=O)c1ccc2cc(-c3ccc(OCc4c(-c5c(Cl)cccc5Cl)noc4C4CCC4)cc3)ccc2n1', 0.8751068310851914), ('O=C(O)c1ccc2cc(-c3ccc(OCc4c(-c5c(Cl)cccc5Cl)noc4C4CCCC4)cc3)ccc2n1', 0.8006407690254357)]",COC(=O)c1cccc2cc(-c3ccc(OCc4c(-c5c(Cl)cccc5Cl)noc4C4CCC4)cc3)ccc12
136,0.00046937605367731365,"[('Oc1ccc(-c2ccc(Br)c3ccccc23)cc1', 0.5843487097907776), ('Oc1cc2ccncc2cc1Br', 0.5773502691896257), ('Oc1ccc2cc(-c3ccccc3)ccc2c1', 0.5408326913195984)]",Oc1ccc(-c2cc(Cl)c3cc(O)c(Br)cc3c2)cc1
137,0.0005155833073539476,"[('CC(C)(C)OC(=O)N1CCCC(C(=O)Nc2ccccc2)C1', 0.6908492797077574), ('CC(C)c1ccc(NC(=O)C2CCN(C(=O)OC(C)(C)C)CC2)cc1', 0.6355583578472619), ('CC(C)(C)OC(=O)N1CCCC(C(=O)Nc2ccccc2Br)C1', 0.6223759142641418)]",CC(C)(C)OC(=O)N1CCNC(C(=O)Nc2ccc3ccccc3c2)C1
138,0.00032039857244412265,"[('CNc1c(Br)cccc1[N+](=O)[O-]', 0.7071067811865475), ('Nc1ccc(Br)cc1[N+](=O)[O-]', 0.7041787902195303), ('COc1cccc([N+](=O)[O-])c1N', 0.674199862463242)]",Nc1c(Br)cccc1[N+](=O)[O-]
139,0.0003153815538990026,"[('CCCCCC/C=C/C(=O)NCC1CCCCO1', 0.5270462766947299), ('CCCCCCC/C=C\\CCCCCCCC(=O)CCCNC(C)=O', 0.45573271518764996), ('CCCCC/C=C/C(=O)N[C@H](CC(C)C)C(=O)OC', 0.4374786392598071)]",CCCCCC/C=C/C(=O)NCC1(CC)COCOC1
140,0.0006374391094525804,"[('COc1cc(C(=O)N2[C@@H](c3cccs3)[C@@H](c3cnccn3)C[C@@]2(CC(C)C)C(=O)O)ccc1C(C)(C)C', 0.7509208106598617), ('COc1cc(C(=O)N2[C@@H](c3nccs3)[C@@H](c3cnccn3)C[C@@]2(Cc2cscn2)C(=O)OC(C)(C)C)ccc1C(C)(C)C', 0.554213189813319), ('COC[C@H]1C[C@@](Cc2cscn2)(C(=O)O)N(C(=O)c2ccc(C(C)(C)C)c(OC)c2)[C@H]1c1ncc(C)s1', 0.4743152695992139)]",CC(C)C[C@@]1(C(=O)O)C[C@H](c2cnccn2)[C@H](c2cccc(-c3ccccc3)c2)N1C(=O)c1ccc(C(C)(C)C)cc1
141,0.0003297433021656143,"[('COC(=O)c1cccc(CBr)c1', 0.7637626158259734), ('COC(=O)c1cccc(CBr)c1', 0.7637626158259734), ('COC(=O)c1cccc(Cc2cccc(F)c2)c1', 0.6831300510639732)]",COC(=O)c1cc(F)cc(CBr)c1
142,0.00039889166066608587,"[('CN(C(=O)C1CCCCC1)c1ccc(F)c([N+](=O)[O-])c1', 0.5892111771858667), ('O=C(c1cccc(F)c1)C1CCCNC1', 0.5036630526336385), ('CN1CCC(N(C)C(=O)C2CNc3ccccc32)CC1', 0.4898979485566356)]",CN(C(=O)[C@H]1CCCNC1)c1ccc(F)cc1
143,0.00039711166424724354,"[('CCC(=O)Nc1cc([N+](=O)[O-])ccc1OC', 0.57282196186948), ('CNC(=O)CCC(=O)c1c(O)cccc1OC', 0.5497474167490214), ('CNC(=O)CCC(=O)c1c(O)cccc1OC', 0.5497474167490214)]",CCC(=O)Nc1c(OC)ccc(C(=O)CC)c1O
144,0.0003684095089654465,"[('COc1cccc2cccnc12', 0.6859943405700354), ('N#Cc1cccc2cnccc12', 0.6362090102803518), ('COc1ccccc1-c1nccc2ccccc12', 0.6324555320336759)]",COc1cccc2cnccc12
145,0.000477293987922723,"[('C[Si](C)(C)C#Cc1cnn2c(C(F)(F)F)cc(-c3ccc(C(F)(F)F)cc3)nc12', 0.7611243951073873), ('OCc1ccc(C#Cc2cnn3c(C(F)(F)F)cc(-c4ccc(C(F)(F)F)cc4)nc23)cc1', 0.5653395902378259), ('Cc1cc(-c2ccc(C(F)(F)F)cc2)nc(-n2cnc(Br)c2)n1', 0.5586060337670861)]",C[Si](C)(C)C#Cc1ncn2c(C(F)(F)F)cc(-c3ccc(C(F)(F)F)cc3)nc12
146,0.000500339131514649,"[('CCOc1cc2ncc(C#N)c(NCc3cccc(Br)c3)c2cc1OCC', 0.8072354505853322), ('CCOc1cc2ncc(C#N)c(Nc3ccc(OCc4ccccc4)c(Cl)c3)c2cc1N', 0.621825270205921), ('CCOc1cc2ncc(C#N)c(Nc3ccc4cc[nH]c4c3)c2cc1OCC', 0.5824823725107175)]",CCOc1cc2ncc(C#N)c(NCc3ccc(F)c(F)c3)c2cc1OCC
147,0.0004017200256119334,"[('CC#CCOc1cc(NCC)ncn1', 0.6753816335059705), ('CC#CCOc1cc(NCC(F)(F)C(F)(F)F)ncn1', 0.6157651067303722), ('CC#CCOc1cc(C(O)c2ccccc2)ncn1', 0.5486826328388273)]",CC#CCOc1cc(NCc2ccccc2)ncn1
148,0.0003892765195072226,"[('COc1ccccc1C#Cc1ccc(OC(C)C)c(C(=O)NC(CO)Cc2c[nH]c3ccncc23)c1', 0.43291607962126477), ('CC(C)(C)OC(=O)N[C@@H](CBr)Cc1cccnc1', 0.40096038553606617), ('COc1ccccc1C#Cc1ccc(OC(C)C)c(C(=O)NC(CO)Cc2c[nH]c3cccnc23)c1', 0.39148014634313566)]",COc1cnccc1CC(CO)NC(=S)NC(C)(C)C
149,0.0005063999259949381,"[('COc1ccc(NC(=O)Cn2c3c(c4cc(Cl)c(Cl)cc42)CCN(C(=O)OC(C)(C)C)CC3)cc1', 0.5763183643984088), ('CCNC(=O)Cn1c2c(c3cc(C)ccc31)CN(C)CC2', 0.5406736930238444), ('CC1CCN(C(=O)Cn2c3c(c4cc(Cl)ccc42)CCN(C)C3)CC1', 0.5258395919929162)]",CN1CCc2c(n(CC(=O)Nc3ccc(F)cc3)c3cccc(Cl)c23)C1
150,0.0002778774932188705,"[('CCCC[Sn](C=CCO)(CCCC)CCCC', 0.6551125937721958), ('CCCCCCCCC(O)/C=C/[Sn](CCCC)(CCCC)CCCC', 0.4898979485566356), ('CCCC[Sn](/C=C/COCC1COC(C)(C)O1)(CCCC)CCCC', 0.46188021535170065)]",CCCC[Sn](/C=C/CN(CCO)CCO)(CCCC)CCCC
151,0.00027379673101942086,"[('FC(F)(F)C(F)(CCSCC1CO1)C(F)(F)F', 0.3260064312812172), ('O=C(O)CNC(=O)CCC(F)(C(F)(F)F)C(F)(F)F', 0.28840215568307825), ('FC(F)(F)CCSCCCCCCCCCCCBr', 0.2811607785577666)]",N#CSCCCCC(CC(F)(C(F)(F)F)C(F)(F)F)C(F)(F)F
152,0.0003803316238818315,"[('CON=C(C(=O)OC)c1ccccc1C', 0.5838742081211422), ('CNC(=O)/C(=N\\OC)c1ccccc1Oc1cccc(C)c1', 0.5695793863561548), ('CNC(=O)/C(=N/OC)c1ccccc1COc1cc(C)ccc1C', 0.5251262474468171)]",C#Cc1ccccc1C(=NOC)C(=O)NC
153,0.00041297586373761577,"[('COC(=O)[C@@H]1CCC[C@@H]1NCc1ccc(F)cc1', 1.0), ('COC(=O)c1ccc(CNC2CCC3(CCCCC3)CC2)cc1', 0.548750593777075), ('COC(=O)[C@@H]1CCCCC[C@@H]1NCCC(C)C', 0.529237746757157)]",COC(=O)C1CCCC1NCc1ccc(F)cc1
154,0.0004099583773372327,"[('COC(=O)c1ccc(Br)c(OCC2CC2)c1', 0.828236445561349), ('COC(=O)c1ccc(OCCCCl)c(OC)c1', 0.7140055472954167), ('COC(=O)c1ccc(N)cc1OCC1CC1', 0.713800300900201)]",COC(=O)c1ccc(OCC2CC2)c(OC)c1
155,0.0004050117362254632,"[('Nc1cccnc1NCc1ccc(Cl)cc1', 0.5601120336112039), ('Nc1cnc(Cl)nc1NCc1ccccc1F', 0.5393598899705937), ('O=[N+]([O-])c1cc2c(NCc3ccccc3)nc(Cl)nc2s1', 0.5209880722517277)]",Clc1ncc(CNc2nccc3ccccc23)s1
156,0.0005728664667314052,"[('COCc1cnc2c(C(=O)Nc3cnccc3N3CCC[C@H](NC(=O)OC(C)(C)C)C3)c(NC(=O)OC(C)(C)C)sc2c1', 0.5780667869766122), ('CCOC(=O)c1cc2c(N[C@@H]3CN(C(=O)OCc4ccccc4)C[C@@H]3C)c(C(N)=O)cnn2c1', 0.5400617248673217), ('CC(C)(C)OC(=O)Nc1sc2cc(C3CCOCC3)cnc2c1C(=O)Nc1cnccc1N1CCC[C@H](NC(=O)OC(C)(C)C)C1', 0.5108708359155091)]",COC(=O)c1sc2cc(C3CN(C(=O)OCc4ccccc4)C3)cnc2c1NC(=O)OC(C)(C)C
157,0.00045990263515297686,"[('Cc1ccc([C@@H](C)Nc2ncnc3c2ncn3[C@@H]2O[C@H](CO)[C@@H](O)[C@H]2O)cc1', 0.982607368881035), ('OC[C@H]1O[C@@H](n2cnc3c(NC4CCOC4)ncnc32)[C@@H](O)[C@H]1O', 0.668546020489693), ('OC[C@H]1OC(n2cnc3c(N[C@@H]4CCC[C@H]4OCc4ccccc4)ncnc32)[C@H](O)[C@@H]1O', 0.5787364663090597)]",C[C@H](Nc1ncnc2c1ncn2[C@@H]1O[C@H](CO)[C@@H](O)[C@H]1O)c1ccc(Cl)cc1
158,0.0005091204374417705,"[('NS(=O)(=O)c1ccc(-c2cc(-c3ccc(Cl)cc3)sc2C(=O)O)cc1', 0.8015480109811173), ('CCOC(=O)c1cc(Cl)ccc1Br', 0.5946418097483297), ('CCOC(=O)Cc1nc(-c2ccc(Cl)cc2)sc1C(=O)OCC', 0.5659415650687478)]",CCOC(=O)c1sc(-c2ccc(Cl)cc2)cc1-c1ccc(S(N)(=O)=O)cc1
159,0.0004066348228344679,"[('CCCCOc1cc(/C=C/C(=O)OC)ccc1-c1cccc(NC)c1', 0.7429670248402684), ('CCCCOc1cc(F)ccc1C=CC(=O)OC', 0.7272474743090477), ('CCCCOc1ccc(/C=C/C(=O)OCCCCCCO)cc1OC', 0.7243558228002943)]",CCCCOc1cc(/C=C/C(=O)OC)ccc1I
160,0.0004955325055885374,"[('N#Cc1cccc(CN2CC[C@H](NS(=O)(=O)c3cc4ccccc4s3)C2=O)c1', 0.668298656052754), ('N#Cc1cccc(CN2CC[C@H](N)C2=O)c1', 0.5489246463950789), ('N#Cc1ccc2c(c1)C[C@H](NS(=O)(=O)c1ccccc1)C(=O)N2Cc1ccccc1', 0.5251435763443896)]",N#Cc1cccc(CN2CC[C@H](NS(=O)(=O)C=Cc3ccccc3)C2=O)c1
161,0.0003564175723843276,"[('N#CC(N)=C(C#N)NCc1cnn(-c2c(Cl)cc(C(F)(F)F)cc2Cl)n1', 0.6368629409805578), ('Cc1nn(-c2c(Cl)cc(C(F)(F)F)cc2Cl)nc1C=O', 0.6292853089020909), ('Cc1cc(C)n(-c2c(Cl)cc(C(F)(F)F)cc2Cl)n1', 0.6014167670256413)]",COCc1cnn(-c2c(Cl)cc(C(F)(F)F)cc2Cl)n1
162,0.00039930353885575195,"[('O=[N+]([O-])c1ccccc1Oc1cc(Cl)cc(Cl)c1', 0.8429272304235246), ('O=Cc1ccccc1Oc1ccc(Cl)cc1[N+](=O)[O-]', 0.6500530959937384), ('CC(=O)c1ccc([N+](=O)[O-])c(Oc2cccc(Cl)c2)c1', 0.63093337451503)]",O=[N+]([O-])c1ccccc1Oc1cncc(Cl)c1
163,0.0004072058301245502,"[('Cc1cc(C)nc(NC(=O)c2csc3cnc(Cl)nc23)c1', 0.6362090102803518), ('CCCNC(=O)c1ccccc1Nc1nc(Cl)ncc1Cl', 0.5143444998736397), ('COc1ccc(Cl)cc1-c1ncsc1NC(=O)c1cnn2cccnc12', 0.5080326426440558)]",O=C(Nc1cnn2cccnc12)c1csc2cnc(Cl)nc12
164,0.0004622667706315569,"[('CC(C)(C)OC(=O)Nc1ccc(Br)nc1', 0.6588078458684125), ('CC(C)(C)OC(=O)Nc1ccc(C(F)F)nc1', 0.6165147992851077), ('CC(C)(C)OC(=O)Nc1ccc(CO)cn1', 0.6071159226949525)]",CC(C)(C)OC(=O)Nc1ccc(-c2cnc(CCCO)nc2)cc1
165,0.00048572907069198125,"[('CC(C)(CN)NC(=O)N1Cc2ccccc2Oc2ccc(Cl)cc21', 0.7071067811865475), ('O=C(O)CNC(=O)N1Cc2ccccc2Oc2ccc(Cl)cc21', 0.6977114319229869), ('CCOC(=O)C1CN(C(=O)OC(C)(C)C)c2cc(Cl)ccc2O1', 0.6460582824697987)]",CC(C)(C)OC(=O)N1Cc2ccccc2Oc2ccc(Cl)cc21
166,0.000702320131585555,"[('Cc1ccccc1S(=O)(=O)C1(c2cc(N3CCOC[C@@H]3C)nc(-c3ccc(NC(=O)Oc4ccccc4)cc3)n2)CC1', 0.8519572771248779), ('C[C@H]1COCCN1c1cc(C2(S(=O)(=O)c3ccc(F)cn3)CC2)nc(-c2ccc(NC(=O)Oc3ccccc3)cc2)n1', 0.8157244799692921), ('C[C@H]1COCCN1c1cc(C2(S(=O)(=O)C3CC3)CC2)nc(-c2ccc(NC(=O)Oc3ccccc3)cc2)n1', 0.780829784539363)]",C[C@H]1COCCN1c1cc(C2(S(=O)(=O)c3cccnc3C(=O)N(C)C)CC2)nc(-c2ccc(NC(=O)Oc3ccccc3)cc2)n1
167,0.0006127322216677024,"[('CN1CCN(c2ccc([N+](=O)[O-])cc2F)CC1', 0.3922322702763681), ('CC(C)Oc1nc(Cl)ncc1C(=O)NC1C2CC3CC1CC(O)(C3)C2', 0.3839738238941522), ('CCN1C(=O)CCC(C)(C)c2ccc(Nc3ncc(Cl)c(N[C@@H]4[C@H]5C=C[C@H](C5)[C@@H]4C(N)=O)n3)cc21', 0.3776440282945535)]",CN1CCN(c2ccc([N+](=O)[O-])cc2CC(=O)N[C@@H]2C[C@@H]3C[C@H]2[C@@H](Nc2nc(Cl)ncc2F)[C@H]3C(N)=O)CC1
168,0.0005118009356895644,"[('O=C(Nc1ccn(Cc2ccc(Cl)cc2C(F)(F)F)n1)c1c(F)cccc1F', 0.749423741751261), ('COc1ccc(Cn2ccc(NC(=O)c3ccccc3F)n2)c(C(F)(F)F)c1', 0.7262730392025629), ('O=C(Nc1ccn(Cc2cc(OCc3ccccc3)ccc2Cl)n1)c1c(F)cccc1F', 0.724568837309472)]",COc1ccc(Cn2ccc(NC(=O)c3c(F)cccc3F)n2)c(Cl)c1
169,0.0004221363544096878,"[('O=c1[nH]nc(-c2ccccc2)cc1C1CCNCC1', 0.699205898780101), ('c1ccc2[nH]c(C3CCNCC3)nc2c1', 0.6775769133151422), ('Cc1ccc2[nH]c(C3CCNCC3)nc2c1', 0.5992015964527209)]",O=c1[nH]c2ccccc2cc1C1CCNCC1
170,0.0006028355726134831,"[('CCOC(=O)C1CN(C(C)=O)CCC1NS(=O)(=O)c1ccc(OCc2cc(C)nc3ccccc23)cc1', 0.8874935423115977), ('CCOC(=O)C1CN(CCO)CCC1NS(=O)(=O)c1ccc(OCc2cc(C)nc3ccccc23)cc1', 0.754519760708803), ('CC[C@]1(C(=O)OC)CCC[C@H]1NS(=O)(=O)c1ccc(OCc2cc(C)nc3ccccc23)cc1', 0.6576851288817928)]",CC(=O)N1CCC(NS(=O)(=O)c2ccc(OCc3cc(C)nc4ccccc34)cc2)C(C(=O)O)C1
171,0.00021703699812784932,"[('C=CCP(=O)(OCC)OCC', 0.7844645405527362), ('CCOP(=O)(CCO)OCC', 0.6573421981221795), ('CCOP(=O)(CCO)OCC', 0.6573421981221795)]",C=CCCP(=O)(OCC)OCC
172,0.0004914734345243771,"[('CSc1ccnc(Oc2ccccc2)n1', 0.450377349111045), ('Brc1cnc(Oc2ccccc2)nc1', 0.4465426069817694), ('CC(C)(C)c1ccc(Oc2nc(Nc3cccc(CO)c3)nc(Oc3ccccc3)n2)cc1', 0.42417477815664906)]",OC1C[N+]2(c3nc(Oc4ccccc4)nc(Oc4ccccc4)n3)CCC1CC2
173,0.0004993282769781611,"[('CC(C)(C)c1nc(N2CCC(F)(F)C2)c2nnn(CC(=O)c3ccccc3Cl)c2n1', 0.7035264706814485), ('CC(C)(C)c1nc(N2CCC(F)(F)C2)c2nnn(Cc3ccncc3Cl)c2n1', 0.614730221445345), ('CC(C)(C)c1nc(N2CCC(F)(F)C2)c2nnn(Cc3ccccc3C(F)(F)F)c2n1', 0.5911534196732671)]",CC(C)(C)c1nc(N2CCC(F)(F)C2)c2nnn(C(=O)c3ccccc3Cl)c2n1
174,0.0006022129158243927,"[('CCOC(=O)N1C2CCC1CC(c1ccnc3c(-c4cccc(-c5nnco5)c4)c(-c4ccncc4)nn13)C2', 0.7453559924999299), ('CCN1C2CCC1CC(c1ccnc3c(-c4ccnc(O)c4)c(-c4ccncc4)nn13)C2', 0.6390977593028675), ('Fc1ccc(-c2c(-c3ccncc3)nn3c(-c4ccc(N5CC6CC5CN6)cc4)ccnc23)c2cn[nH]c12', 0.5206392060053572)]",CCOC(=O)N1C2CCC1CC(c1ccnc3c(-c4cccc5[nH]ccc45)c(-c4ccncc4)nn13)C2
175,0.000539077515234451,"[('Cc1cc(S(C)(=O)=O)ccc1C(=O)Nc1ccc(Cl)c(-c2ccccn2)c1', 0.7859404864306984), ('Cc1ccsc1C(=O)Nc1ccc(Cl)c(-c2ccccn2)c1', 0.7631018642395071), ('CC(C)(C)NC(=O)c1ccc(C(=O)Nc2ccc(Cl)c(-c3ccccn3)c2)cc1', 0.7381017469576844)]",Cc1cc(C(=O)N(C)C)ccc1C(=O)Nc1ccc(Cl)c(-c2ccccn2)c1
176,0.0006522271992980444,"[('COC(=O)c1ccc2c(C3CCCCC3)c(-c3cc(N)c4nc(-c5sc(C)nc5C)ccc4c3)n(CC(=O)N3CCOCC3)c2c1', 0.7279363326197051), ('COC(=O)c1ccc2c(C3CCCCC3)c(-c3ccc4ncc(-c5ccccc5)cc4c3)n(CC(=O)N3CCOCC3)c2c1', 0.6172133998483676), ('Cc1nc(C)c(C2CCc3cc(-c4c(C5CCCCC5)c5ccc(C(=O)O)cc5n4CC(=O)N4CCOCC4)ccc3N2)s1', 0.5994900126575302)]",COC(=O)c1ccc2c(C3CCCCC3)c(-c3ccc4nc(-c5sc(C)nc5C)ccc4c3)n(CC(=O)N(C)C)c2c1
177,0.0004420405170552984,"[('CC(O)[C@@H]1CC[C@@H](CNC(=O)OCc2ccccc2)CC1', 1.0465362369445672), ('NC1CCCC(CNC(=O)OCc2ccccc2)C1', 0.717267352978599), ('O=C(NC[C@H]1CCCN1)OCc1ccccc1', 0.6834676493307206)]",CC(O)[C@H]1CC[C@H](CNC(=O)OCc2ccccc2)CC1
178,0.0006618739382729827,"[('CC[C@H](C)[C@@H](CN(CC(=O)N[C@@H](CCSC)C(=O)O)Cc1cccc2ccccc12)NC(=O)CCCc1ccc([N+](=O)[O-])cc1', 0.6992058987801011), ('CC[C@H](C)[C@@H](CN(Cc1cccc2ccccc12)C(=O)OC)NC(=O)Cc1cncn1Cc1ccc(C#N)cc1', 0.5123475382979799), ('CCOC(CN(Cc1cccc2ccccc12)C(=O)[C@H](Cc1ccc(OC(C)(C)C)cc1)NC(=O)CONC(=O)NCc1ccccc1)OCC', 0.44487182432355205)]",CC[C@H](C)[C@@H](CN(CC(=O)N[C@@H](CCSC)C(=O)OC)Cc1cccc2ccccc12)NC(=O)COCc1ccccc1
179,0.0007309708193906452,"[('CNC(=O)C1CN(CC(=O)NCC(=O)N(C)c2ccc(Cl)c(COc3cccc4c3nc(OC)n4Cc3ccccn3)c2Cl)CCO1', 0.9177635729706761), ('CNC(=O)N1CCN(CCC(=O)NCC(=O)N(C)c2ccc(Cl)c(COc3cccc4c3nc(OC)n4Cc3ccccn3)c2Cl)CC1', 0.8116177698001191), ('COC(=O)c1ccc(CCC(=O)NCC(=O)N(C)c2ccc(Cl)c(COc3cccc4c3nc(OC)n4Cc3ccccn3)c2Cl)cc1', 0.7305484107108555)]",CNC(=O)[C@H]1CCCN(CC(=O)NCC(=O)N(C)c2ccc(Cl)c(COc3cccc4c3nc(OC)n4Cc3ccccn3)c2Cl)C1
180,0.0005571136376399728,"[('O=C(c1ccccc1)c1ccc(OCC2CO2)cc1', 0.5485022341382949), ('O=C(OCC1CO1)c1ccccc1F', 0.5285499781147279), ('CCOC(=O)C1Cc2ccccc2N1', 0.523026032815805)]",O=C1C[C@H](COC(=O)c2ccccc2)[C@@H](COC(=O)c2ccccc2)C1
181,0.0006883793766319495,"[('Cc1ccc([C@@H](NC(=O)Cc2ccc3oc(C(=O)c4ccncc4C)cc3c2)c2ccccc2)c(C)c1', 0.8129368645828855), ('Cc1ccc(C(NC(=O)Cc2ccc3oc(-c4c(C)noc4C)nc3c2)c2ccccc2)c(C)c1', 0.8101670546070461), ('Cc1ccc(C(NC(=O)Cc2ccc3oc(C(NS(C)(=O)=O)c4c(C)noc4C)cc3c2)c2ccccc2)c(C)c1', 0.788136617900984)]",Cc1ccc(C(NC(=O)Cc2ccc3oc(C(=O)c4c(C)noc4C)cc3c2)c2ccccc2)c(C)c1
182,0.00041198048826386716,"[('CCNC1CCN(C(=O)OC(C)(C)C)CC1', 0.7798128673650545), ('CC(C)NC1CCN(C(=O)OC(C)(C)C)CC1', 0.739287864465897), ('CNC1CCN(C(=O)OC(C)(C)C)CC1', 0.7102848052045775)]",CC(C)CNC1CCN(C(=O)OC(C)(C)C)CC1
183,0.0006453177763481783,"[('COC(=O)c1ccnc(Cc2ccc(F)cc2F)c1', 0.6432675209026768), ('CCOc1cc(F)c(-c2nc(C(=O)OC)ccc2F)c(F)c1', 0.5674504383644443), ('COC(=O)c1ccc(F)c(-c2c(F)cc(OC)cc2F)n1', 0.5514870180108347)]",COC(=O)c1ccc2c(CO)cnc(-c3c(F)cc(F)cc3F)c2c1
184,0.0006544576555818787,"[('CC(C)[C@@H]1CC[C@H](Oc2ccc3cc(CN4CCN(c5ccccn5)CC4)ccc3c2)CC1', 1.0298573010888745), ('Cc1ccc2cc(CN3CCN(c4ccccn4)CC3)ccc2c1', 0.6485253749580446), ('CCOC(=O)C1CCN(Cc2ccc3cc(O[C@@H]4CC[C@@H](C(C)(C)C)CC4)ccc3c2)CC1C', 0.529663087656049)]",CC(C)[C@H]1CC[C@@H](Oc2ccc3cc(CN4CCN(c5ccccn5)CC4)ccc3c2)CC1
185,0.00042068254956834344,"[('CCOP(=O)(Cc1ccccc1Br)OCC', 0.5721721352713294), ('CCOP(=O)(Cc1ccccc1OC(F)(F)F)OCC', 0.5497252060782752), ('CCOP(=O)(Cc1cc(F)ccc1F)OCC', 0.5060283490348679)]",CCOP(=O)(Cc1ccccc1C=NNC(N)=S)OCC
186,0.0005079142774053847,"[('FC(F)(F)c1cccc(N2CCN(Cc3cn4cc(Cl)ccc4n3)CC2)c1', 0.8094272134003795), ('Clc1ccc(N2CCN(Cc3cn4cc(Cl)ccc4n3)CC2)cc1', 0.7014012131262551), ('Clc1ccc2nc(CN3CCN(c4ccccc4)CC3)cn2c1', 0.6885303726590963)]",FC(F)(F)c1ccc(N2CCN(Cc3cn4cc(Cl)ccc4n3)CC2)nc1
187,0.0006972070977700158,"[('CCCc1nc2c(C)cc(-c3csc(C)n3)cc2n1Cc1ccc(-c2ccccc2C(=O)O)cc1', 0.8148520745635511), ('CCCCc1nc2ccc(O)cc2n1Cc1ccc(-c2ccccc2C(=O)O)cc1', 0.7299599904351664), ('CCCCc1nc2cc(Cl)ccc2n1Cc1ccc(-c2ccccc2C(=O)O)cc1', 0.7161148740394329)]",CCCc1nc2c(C)cc(-c3nc4ccccc4n3C)cc2n1Cc1ccc(-c2ccccc2C(=O)O)cc1
188,0.0006063888135312501,"[('CC(O)c1cn(C(=O)OCc2ccccc2)c2ccccc12', 0.504524979109513), ('CCOC(=O)C=Cc1cn(C)c2ccc(OCc3ccccc3)cc12', 0.494697623196862), ('CCOC(=O)c1cc2c(C)c(OCc3ccccc3)ccc2n1C', 0.463547228508435)]",CCOC(=O)C(=Cc1cn(C(=O)OCc2ccccc2)c2ccc(C(=O)OC)cc12)[N+](=O)[O-]
189,0.0006319580674190674,"[('COc1ccc(CN(c2ncns2)S(=O)(=O)c2ccc(F)c(I)c2)c(OC)c1', 0.7235863706375056), ('CCOCn1nccc1-c1cc(OC(F)(F)F)ccc1Oc1ccc(S(=O)(=O)N(Cc2ccc(OC)cc2OC)c2ncns2)cc1C#N', 0.7053938442382133), ('COc1ccc(CN(c2nncs2)S(=O)(=O)c2ccc(F)c(C#N)c2)c(OC)c1', 0.6852095994087877)]",COc1ccc(CN(c2ncns2)S(=O)(=O)c2ccc(Cc3ccc(C(F)(F)F)cc3OC)c(C#N)c2)c(OC)c1
190,0.0005016706893827968,"[('CCn1cc(C(=O)O)c(=O)c2cc(F)c(N3CCNC(c4ccc(Cl)s4)C3)cc21', 0.7297344142021369), ('CCn1cc(C(=O)O)c(=O)c2cc(F)c(N3CCNC(CN4CCN(C)CC4)C3)cc21', 0.7161063811656129), ('CCn1cc(C(=O)O)c(=O)c2cc(F)c(N3CCNC(COc4ccccc4)C3)cc21', 0.7058021550177144)]",C#CC1CN(c2cc3c(cc2F)c(=O)c(C(=O)O)cn3CC)CCN1
191,0.00048694337010398223,"[('COc1ccc(C(=O)O)c(OC)c1', 0.7145001823026433), ('COc1ccc(-c2ccc(C(=O)O)c(N)c2)cc1', 0.6955140813803657), ('COc1ccc(C(=O)c2ccc(OC)cc2C(=O)O)c(OC)c1', 0.670623180135797)]",COc1ccc(C(=O)O)c(-c2ccc(F)cc2)c1
192,0.0004048329314218703,"[('C/C(=C\\CO)c1ccc(-c2ccc(Br)cc2)cc1', 0.4845163542760715), ('Oc1ccc(C(=C2C3CCCC2CCC3)c2ccc(Br)cc2)cc1', 0.4482107285003976), ('O=C(NC1CC1)c1ccc(Br)cc1', 0.4437059837324712)]",OC/C(=C/C1CCCC1)c1ccc(Br)cc1
193,0.0006063322776822003,"[('CC(=O)N1CCc2c(cccc2NS(C)(=O)=O)C1', 0.5192377520339357), ('CCCCS(=O)(=O)Nc1ccc(C(=O)N2Cc3cccn3Cc3ccccc32)cc1OC', 0.5021505475589897), ('COc1ccc(S(=O)(=O)Nc2cc(Br)ccc2C(=O)c2ccccc2)cc1', 0.48454371185234896)]",COc1ccc(S(=O)(=O)Nc2cccc3c2Nc2ccccc2CN3C(C)=O)cc1
194,0.0004342910308474513,"[('NCc1ccc(OCc2ccccc2)cc1', 0.7537783614444091), ('O=Cc1cccc(OCc2ccccn2)c1', 0.6694555487165053), ('NCCc1ccc(OCc2ccccc2)cc1', 0.6476170895960375)]",NCc1ccc(OCc2ccccn2)cc1
195,0.0006595528630108999,"[('Oc1ccc2c(c1)CCCC(c1ccccc1)=C2c1ccc(OCCCCCCCl)cc1', 0.7388543206857694), ('CNCCOc1ccc(C2=C(c3ccccc3)CCCc3cc(OC4CCCCO4)ccc32)cc1', 0.5518394231759755), ('COc1ccc(C2=C(c3ccc(O)cc3)CCCc3cc(O)ccc32)cc1', 0.5504167329230252)]",O=S(CCCCCOc1ccc(C2=C(c3ccccc3)CCCc3cc(O)ccc32)cc1)CCCC(F)(F)F
196,0.0008277213171381296,"[('CCOC(=O)[C@@H](CCCCCCC1CCN(C(=O)OCc2ccccc2)CC1)N[C@H]1COc2ccccc2N(CC(=O)OC(C)(C)C)C1=O', 1.020204061220407), ('CCOC(=O)[C@@H](CCCC1CCN(C(=O)OCc2ccccc2)CC1)N[C@H]1COc2ccccc2N(CC(=O)OCc2ccccc2)C1=O', 0.9025427044374872), ('CC(C)(C)OC(=O)CN1C(=O)[C@@H](N[C@@H](CCC2CCCCC2)C(=O)OCc2ccccc2)COc2ccccc21', 0.6721660724223313)]",CCOC(=O)[C@@H](CCCCCC1CCN(C(=O)OCc2ccccc2)CC1)N[C@H]1COc2ccccc2N(CC(=O)OC(C)(C)C)C1=O
197,0.0006338726287353133,"[('O=C(NN=Cc1cccc2ccccc12)c1cc2ccccc2cc1O', 0.6110100926607787), ('N=C(N)NN=Cc1cccc(C(F)(F)F)c1F', 0.6035340865809969), ('Cc1cccc(C(=O)NN=Cc2cccc(Cl)c2O)c1', 0.5821918656431508)]",O=C(N/N=C/c1ccccc1C(F)(F)F)c1ccc2ccccc2c1
198,0.0006619295965507113,"[('COC(=O)c1cccc(CSc2ccc(F)cc2NS(=O)(=O)c2cc3ccccc3o2)c1', 0.7642638711242881), ('COC(=O)c1ccccc1CSc1ccc(C)cc1NS(=O)(=O)c1cc2ccccc2s1', 0.7142200600078711), ('CS(=O)(=O)Nc1cccc(CSc2ccc(Cl)cc2NS(=O)(=O)c2cc3ccccc3o2)c1', 0.6552482699865059)]",COC(=O)c1ccccc1CSc1ccccc1NS(=O)(=O)c1cc2ccccc2o1
199,0.0007155788047741403,"[('O=C(NCC(=O)N1CCC(Oc2cccc(C(F)(F)F)c2)CC1)c1cc(-c2ccccc2C(F)(F)F)[nH]n1', 0.6904344797425878), ('O=C(NCC(=O)N1CCC(Oc2cccc(C(F)(F)F)c2)CC1)c1cc(-c2ccc(O)cc2)on1', 0.6876846782634221), ('O=C(NCC(=O)N1CCC(Oc2cccc(C(F)(F)F)c2)CC1)c1cc(-c2cccnc2)[nH]n1', 0.6702721133109694)]",O=C(NCC(=O)N1CCC(Oc2cccc(C(F)(F)F)c2)CC1)c1cn(-c2ccccc2)cn1
