Unnamed: 0,time,similar_mols,smiles
7161,0.0026309200000001,"[('O=C(CCSc1ccc(-c2ccccc2)cc1)Nc1ccc(-c2ccccc2)cc1C(=O)O', 0.5306122448979592), ('CC(Oc1ccc(-c2ccccc2)cc1)C(=O)Nc1ccc(-c2ccccc2)cc1C(=O)O', 0.5306122448979592), ('C#CCN(C(=O)Nc1ccc(-c2ccccc2)cc1C(=O)O)c1ccc(-c2ccccc2)cc1', 0.5)]",O=C(Nc1ccc(-c2ccccc2)cc1C(=O)O)OCc1ccc(-c2ccccc2)cc1
484,7.924000000016917e-05,"[('CC(NC(=O)Cc1ccc2nonc2c1)c1ccc([N+](=O)[O-])cc1', 0.42424242424242425), ('C=CCC(NCc1ccc2nonc2c1)c1ccc([N+](=O)[O-])cc1', 0.417910447761194), ('CC(C#N)(Cc1ccc2nonc2c1)Nc1ccc([N+](=O)[O-])cc1', 0.417910447761194)]",O=[N+]([O-])c1ccc(N(Cc2ccc3nonc3c2)n2cncn2)cc1
35258,8.230000000022386e-05,"[('CN(C)C(=S)SC(=S)N1CCN(C(=O)c2ccc(Br)cc2[N+](=O)[O-])CC1', 0.5238095238095238), ('CC(C)COC(C)C(=O)N1CCN(C(=O)c2ccc(Br)cc2[N+](=O)[O-])CC1', 0.515625), ('CC(C)(C)OOCN1CCN(C(=O)c2ccc(Br)cc2[N+](=O)[O-])CC1', 0.515625)]",Cc1cnc(N2CCN(C(=O)c3ccc(Br)cc3[N+](=O)[O-])CC2)c(C)c1
44053,0.0001051999999999,"[('CC(C)(NC(=O)Cn1nc(-c2ccc(Cl)cc2)n(C2CC2)c1=O)c1cccc(S(=O)(=O)F)c1', 0.7910447761194029), ('CC(C)(NC(=O)Cn1nc(-c2ccc(CCBr)cc2)n(C2CC2)c1=O)c1cccc(C(F)(F)F)c1', 0.7910447761194029), ('CC(C)(NC(=O)Cn1nc(-c2ccc(C3CO3)cc2)n(C2CC2)c1=O)c1cccc(C(F)(F)F)c1', 0.7910447761194029)]",CC(C)(NC(=O)Cn1nc(-c2ccc(Cl)cc2)n(C2CC2)c1=O)c1cccc(C(F)(F)F)c1
16617,0.00016736,"[('CC(=NNc1ccc(Oc2ccc(C34CC5CC(CC(C5)C3)C4)cc2)cc1N(C)C(=O)OC(C)(C)C)c1ccc(CC2SC(=O)NC2=O)cc1', 0.7619047619047619), ('CC(SCc1ccc(CC2SC(=O)NC2=O)cc1)C(=O)Nc1ccc(Oc2ccc(C34CC5CC(CC(C5)C3)C4)cc2)cc1N(C)C(=O)OC(C)(C)C', 0.7586206896551724), ('CN(C(=O)OC(C)(C)C)c1cc(Oc2ccc(C34CC5CC(CC(C5)C3)C4)cc2)ccc1NN=Cc1ccc(CC2SC(=O)NC2=O)cc1', 0.7529411764705882)]",CN(C(=O)OC(C)(C)C)c1cc(Oc2ccc(C34CC5CC(CC(C5)C3)C4)cc2)ccc1NC(=O)COc1ccc(CC2SC(=O)NC2=O)cc1
5349,9.458000000002188e-05,"[('CC(C)(C)OC(=O)N1CCN(C(=O)c2ccc(Oc3ccc(C(C)(C)C)cc3)cc2)CC1', 0.5283018867924528), ('CC(C)N=C(NC#N)SCc1ccc(C(=O)N2CCN(C(=O)OC(C)(C)C)CC2)cc1', 0.515625), ('CCN=C(c1ccc(C(=O)N2CCN(C(=O)OC(C)(C)C)CC2)cc1)n1nc(C)cc1C', 0.453125)]",CC(C)N(CCc1ccc(C(=O)N2CCN(C(=O)OC(C)(C)C)CC2)cc1)C(C)C
19502,0.0001073199999998,"[('O=C[C@@H]1c2cc(CCCC=C(Br)Br)oc2C[C@H]1OC1CCCCO1', 0.6923076923076923), ('CCOC(=O)C(=O)CCc1cc2c(o1)C[C@@H](OC1CCCCO1)[C@@H]2C=O', 0.6865671641791045), ('CC(C)C(=O)OCCc1cc2c(o1)C[C@@H](OC1CCCCO1)[C@@H]2C=O', 0.6818181818181818)]",COC(=O)CCCCc1cc2c(o1)C[C@@H](OC1CCCCO1)[C@@H]2C=O
38702,9.2379999999892e-05,"[('CC1(c2cccc(-c3cncc(C#N)c3)c2)COCC(NC(=O)ON=C2CCCC2)=N1', 0.7361111111111112), ('C#CCCOC(=O)NC1=NC(C)(c2cccc(-c3cncc(C#N)c3)c2)COC1', 0.7361111111111112), ('CC1(c2cccc(-c3cncc(C#N)c3)c2)COCC(NC(=O)C2C(C)(C)C2(C)C)=N1', 0.7352941176470589)]",CC(C)(C)OC(=O)NC1=NC(C)(c2cccc(-c3cncc(C#N)c3)c2)COC1
44726,0.0001615800000017,"[('Oc1cccc(-c2nc3c(NC4CCCC4)cccn3c2-c2ccnc(Nc3ccc(Br)cc3)n2)c1', 0.8), ('C=CCNc1nccc(-c2c(-c3cccc(O)c3)nc3c(NC4CCCC4)cccn23)n1', 0.8), ('CC(=O)CC(=O)Nc1nccc(-c2c(-c3cccc(O)c3)nc3c(NC4CCCC4)cccn23)n1', 0.7761194029850746)]",Oc1cccc(-c2nc3c(NC4CCCC4)cccn3c2-c2ccnc(NC3CCCC3)n2)c1
7293,0.0001396399999975,"[('N=C(CC(=O)Nc1cccc2c1C(=O)c1sccc1CS2)NO', 0.5901639344262295), ('Cc1cccc(N(O)C(=O)Nc2cccc3c2C(=O)c2sccc2CS3)c1', 0.578125), ('CC(=CCOC(=O)Nc1cccc2c1C(=O)c1sccc1CS2)CO', 0.5692307692307692)]",C[C@](O)(C(=O)Nc1cccc2c1C(=O)c1sccc1CS2)C(F)(F)F
8846,0.0002059399999779,"[('CC(C)(C)NC(=O)c1cc(-c2cc(F)cc(C(F)(F)F)c2)cc(-c2cc(C(F)(F)F)cc(C(F)(F)F)c2)c1', 0.4807692307692308), ('CCOC(=O)C(C)(C)Sc1cc(-c2cc(F)cc(C(F)(F)F)c2)cc(-c2cc(C(F)(F)F)cc(C(F)(F)F)c2)c1', 0.47368421052631576), ('CC(C)(C)NC(=S)NNC(=O)c1cc(-c2cc(F)cc(C(F)(F)F)c2)cc(-c2cc(C(F)(F)F)cc(C(F)(F)F)c2)c1', 0.423728813559322)]",COC(=O)C(CC(C)C)c1cc(-c2cc(F)cc(C(F)(F)F)c2)cc(-c2cc(C(F)(F)F)cc(C(F)(F)F)c2)c1
2022,0.0001697799999874,"[('COC(=O)[C@@H]1C[C@@H](Oc2nc(-c3ccccn3)nc3ccsc23)CN1C(=O)OCCN(C)C', 0.76), ('COC(=O)[C@@H]1C[C@@H](Oc2nc(-c3ccccn3)nc3ccsc23)CN1C(=O)c1ccccc1Cl', 0.7534246575342466), ('COC(=O)[C@@H]1C[C@@H](Oc2nc(-c3ccccn3)nc3ccsc23)CN1C(=O)CCCl', 0.7534246575342466)]",COC(=O)[C@@H]1C[C@@H](Oc2nc(-c3ccccn3)nc3ccsc23)CN1C(=O)OC(C)(C)C
27107,0.000104280000005,"[('COCN1CCC(=O)c2c(NC(C)=O)ccc(C)c21', 0.7142857142857143), ('CC(=O)Nc1ccc(C)c2c1C(=O)CCN2CC#N', 0.7142857142857143), ('CC(=O)Nc1ccc(C)c2c1C(=O)CCN2C', 0.6956521739130435)]",CC(=O)Nc1ccc(C)c2c1C(=O)CCN2CCN
45603,0.000145499999985,"[('CC(=O)c1ccccc1OCC1CCN(CCc2cncc(=O)n2C)CC1', 0.7413793103448276), ('Cn1c(CCN2CCC(COc3ccccc3)CC2)cncc1=O', 0.7407407407407407), ('Cn1c(CCN2CCC(COc3ccccc3C(N)=O)CC2)cncc1=O', 0.7288135593220338)]",Cn1c(CCN2CCC(COc3ccccc3F)CC2)cncc1=O
47191,5.6420000032630926e-05,"[('CCNC(=O)CC#N', 0.15625), ('C=CCNC(=S)NCC', 0.15151515151515152), ('CCN=C(C#N)NCC', 0.15151515151515152)]",CCNc1ccccc1
39263,0.0001693999999815,"[('CCCCCn1cc2ccc(-c3cc([C@@H]4CCCNC4)n4ncnc(N)c34)cc2n1', 0.7432432432432432), ('Nc1ncnn2c([C@@H]3CCCNC3)cc(-c3ccc4cn(CC(I)=C(I)I)nc4c3)c12', 0.7432432432432432), ('Nc1ncnn2c([C@@H]3CCCNC3)cc(-c3ccc4cn(CCn5cnnn5)nc4c3)c12', 0.7236842105263158)]",Nc1ncnn2c([C@@H]3CCCNC3)cc(-c3ccc4cn(Cc5ccccc5)nc4c3)c12
22787,0.0002049800000122,"[('COC(=O)c1cccc(COC(=O)N[C@@H](C(=O)N[C@@H](CC(C)C)C(=O)NCc2ccc(C#N)cc2)C(C)C)c1', 0.7464788732394366), ('COC(=O)c1cccc(CS(=O)(=O)N[C@@H](C(=O)N[C@@H](CC(C)C)C(=O)NN=Cc2ccc(C#N)cc2)C(C)C)c1', 0.7432432432432432), ('COC(=O)c1cccc(CS(=O)(=O)N[C@@H](C(=O)N[C@@H](CC(C)C)C(=O)NCC(=O)OCC#N)C(C)C)c1', 0.726027397260274)]",COC(=O)c1cccc(CS(=O)(=O)N[C@@H](C(=O)N[C@@H](CC(C)C)C(=O)NCc2ccc(C#N)cc2)C(C)C)c1
12432,7.681999998112587e-05,"[('Brc1cccc(-n2ccnc2)c1', 0.2558139534883721), ('Brc1cccc(C2=CCCCCC2)c1', 0.25), ('Brc1cccc(N=NN2CCCC2)c1', 0.25)]",CC(=O)CCc1cccc(Br)c1
21909,5.8639999997467386e-05,"[('CC[C@H](N)C(=O)N1CCC1', 0.5517241379310345), ('COC(=O)[C@@H](N)C(C)C', 0.3793103448275862), ('CCOC(=O)[C@@H](N)C(C)C', 0.3548387096774194)]",CC(C)[C@H](N)C(=O)N1CCC1
23932,0.0002961399999321,"[('COCCCN1CCOc2ccc(CO[C@H]3CN(C(=O)OCc4ccccc4)C[C@@H](COC(C)=O)[C@@H]3c3ccc(CNc4ccc(OC)cc4)cc3)cc21', 0.7604166666666666), ('COCCCN1CCOc2ccc(CO[C@H]3CN(C(=O)OCc4ccccc4)C[C@@H](COC(C)=O)[C@@H]3c3ccc(CSc4ccc(OC)cc4)cc3)cc21', 0.7604166666666666), ('COCCCN1CCOc2ccc(CO[C@H]3CN(C(=O)OCc4ccccc4)C[C@@H](COC(C)=O)[C@@H]3c3ccc(CCOOC(C)(C)OC)cc3)cc21', 0.7525773195876289)]",COCCCN1CCOc2ccc(CO[C@H]3CN(C(=O)OCc4ccccc4)C[C@@H](COC(C)=O)[C@@H]3c3ccc(COC[C@@H](C)COC)cc3)cc21
23639,0.0001370400000269,"[('CC1CSC2=C(O1)c1cc(NCc3ccccn3)ccc1C(=O)C2=O', 0.5517241379310345), ('CC1CSC2=C(O1)c1cc(N=NN3CCCC3)ccc1C(=O)C2=O', 0.5454545454545454), ('CC1CSC2=C(O1)c1cc(-n3ccnc3)ccc1C(=O)C2=O', 0.5454545454545454)]",CC1CSC2=C(O1)c1cc(-c3ccccc3)ccc1C(=O)C2=O
29939,9.277999997721052e-05,"[('CCCCn1nc(C(C)(C)C)nc1CC(=O)O', 0.675), ('CC(=O)CCn1nc(C(C)(C)C)nc1CC(=O)O', 0.675), ('COCCn1nc(C(C)(C)C)nc1CC=O', 0.6585365853658537)]",COCCn1nc(C(C)(C)C)nc1CC(=O)O
9464,8.735999999771593e-05,"[('O=C(c1cc2cc(Cl)ccc2[nH]1)C(F)(F)F', 0.5348837209302325), ('NNC(=O)c1cc2cc(Cl)ccc2[nH]1', 0.5348837209302325), ('O=C(c1ccccc1)c1cc2cc(Cl)ccc2[nH]1', 0.5227272727272727)]",CON(C)C(=O)c1cc2cc(Cl)ccc2[nH]1
22383,0.000181579999753,"[('COc1ccc(Oc2cccc(CN3CCC(c4cccc(C(=O)C(C)NC(C)C)c4)CC3)c2)cc1', 0.6865671641791045), ('COc1ccc(Oc2cccc(CN3CCC(c4cccc(CNC(C)C)c4)CC3)c2)cc1', 0.6825396825396826), ('COc1ccc(Oc2cccc(CN3CCC(c4cccc(C(O)C(C)C)c4)CC3)c2)cc1', 0.6825396825396826)]",COc1ccc(Oc2cccc(CN3CCC(c4cccc(NC(=O)C(C)C)c4)CC3)c2)cc1
29947,0.000105860000076,"[('CC(Br)C(=O)c1cc(F)cc(OC2CCN(C)CC2)c1', 0.5294117647058824), ('CCOC(=O)c1cc(F)cc(OC2CCN(C)CC2)c1', 0.5294117647058824), ('CCC(O)c1cc(F)cc(OC2CCN(C)CC2)c1', 0.52)]",CN1CCC(Oc2cc(F)cc([N+](=O)[O-])c2)CC1
47803,0.0001715200000035,"[('COc1ccc(C(=O)Nc2ccc(Sc3ccc(NC(=O)C(C)(C)C)cc3)cc2)cc1OC', 0.5789473684210527), ('COc1ccc(C(=O)Nc2ccc(C(CC(=O)O)NC(=O)C(C)(C)C)cc2)cc1OC', 0.53125), ('COc1ccc(C(=O)Nc2ccc(CC(NC(=O)C(C)(C)C)C(=O)O)cc2)cc1OC', 0.53125)]",COc1ccc(C(=O)Nc2ccc(C3(CNC(=O)C(C)(C)C)CCCC3)cc2)cc1OC
2066,0.000136780000048,"[('C=CCCCCCCCCCCCCCCNc1ccc(CC(N)=O)cc1', 0.675), ('C#CCCCCCCCCCCCCCCNc1ccc(CC(N)=O)cc1', 0.675), ('NC(=O)Cc1ccc(NCCCCCCCCCCCCCCC=C(Br)Br)cc1', 0.6428571428571429)]",CCCCCCCCCCCCCCCCNc1ccc(CC(N)=O)cc1
10755,0.0003184999999575,"[('CN(C)N=Cc1c2ccccc2c(-c2ccccc2)c2ccc(-c3ccc(-c4ccc5c(c4)nc(-c4ccccc4)n5-c4ccccc4)cc3)cc12', 0.7037037037037037), ('N=C(N)SCc1c2ccccc2c(-c2ccccc2)c2ccc(-c3ccc(-c4ccc5c(c4)nc(-c4ccccc4)n5-c4ccccc4)cc3)cc12', 0.6785714285714286), ('CCOC(=O)C=Cc1c2ccccc2c(-c2ccccc2)c2cc(-c3ccc(-c4ccc5c(c4)nc(-c4ccccc4)n5-c4ccccc4)cc3)ccc12', 0.6610169491525424)]",c1ccc(-c2c3ccccc3c(-c3ccccc3)c3cc(-c4ccc(-c5ccc6c(c5)nc(-c5ccccc5)n6-c5ccccc5)cc4)ccc23)cc1
24471,0.0001235599999745,"[('CC(C)(C)c1cc(C=C2SC(=O)NC2=O)ccc1[N+](=O)[O-]', 0.6274509803921569), ('COC(=O)c1cc(C=C2SC(=O)NC2=O)ccc1[N+](=O)[O-]', 0.6111111111111112), ('O=C1NC(=O)C(=Cc2ccc([N+](=O)[O-])c(C(F)(F)F)c2)S1', 0.5961538461538461)]",CCNc1cc(C=C2SC(=O)NC2=O)ccc1[N+](=O)[O-]
35745,8.30599999972037e-05,"[('O=[N+]([O-])c1cccnc1SCC(O)CO', 0.45652173913043476), ('O=C(O)CNc1ncccc1[N+](=O)[O-]', 0.45454545454545453), ('O=C(O)CSc1ncccc1[N+](=O)[O-]', 0.45454545454545453)]",O=[N+]([O-])c1cccnc1OCCO
24601,0.0001916399999572,"[('NC(=O)c1ccc(Oc2ccc(COCC(O)C[C@H](O)COc3cn[nH]c3)cc2)cc1', 0.609375), ('CC(C)(CCc1ccc(Oc2ccc(C(N)=O)cc2)cc1)NC[C@H](O)COC1CCCCO1', 0.5915492957746479), ('CC(C)(CCc1ccc(Oc2ccc(C(N)=O)cc2)cc1)NC[C@H](O)COCCOCC1CO1', 0.5915492957746479)]",CC(C)(CCc1ccc(Oc2ccc(C(N)=O)cc2)cc1)NC[C@H](O)COc1cn[nH]c1
2007,0.0001498200000241,"[('CCCCCCC(CS(=O)CCCCCCCC(=O)OCC)OC', 0.5918367346938775), ('CCCCC#CCCCCCCCC=CCC(CCCCCC)OC', 0.5869565217391305), ('CCCCCCC(CC=CCCCCCCCNCCC)OC', 0.574468085106383)]",CCCCCCC(CC=CCCCCCCCC(=O)OCC)OC
19541,0.0001886799998828,"[('CCOC=NS(=O)(=O)c1ccc(-c2cnc(N)c(-c3ccc4c(c3)CCCNC4=O)n2)cc1', 0.6805555555555556), ('CCOC(C)=NS(=O)(=O)c1ccc(-c2cnc(N)c(-c3ccc4c(c3)CCCNC4=O)n2)cc1', 0.6712328767123288), ('CCNC(=S)NS(=O)(=O)c1ccc(-c2cnc(N)c(-c3ccc4c(c3)CCCNC4=O)n2)cc1', 0.6712328767123288)]",CCN(C)S(=O)(=O)c1ccc(-c2cnc(N)c(-c3ccc4c(c3)CCCNC4=O)n2)cc1
39667,0.0001055600000654,"[('Nc1nc(OCC2CO2)c(Cl)cc1C(F)(F)F', 0.5869565217391305), ('CC(C)=CCOc1nc(N)c(C(F)(F)F)cc1Cl', 0.5869565217391305), ('C=C(C)CCOc1nc(N)c(C(F)(F)F)cc1Cl', 0.574468085106383)]",C#CCOc1nc(N)c(C(F)(F)F)cc1Cl
5626,0.0001399999999193,"[('CCN(CC)CC#CC1(O)CCOC(C(C)(C)O[SiH2]C(C)(C)C)C1', 0.6470588235294118), ('CC(C)(C)[SiH2]OC(C)(C)C1CC(O)(C#Cc2ccccc2)CCO1', 0.6470588235294118), ('CC(C)(C)[SiH2]OC(C)(C)C1CC(O)(C#CCN2CCCC2)CCO1', 0.6470588235294118)]",CC(C)(C)[SiH2]OC(C)(C)C1CC(O)(C#C[Si](C)(C)C)CCO1
46676,6.48199999886856e-05,"[('COC(=O)C(N)C(C)C', 0.11428571428571428), ('COC(=O)C=C(C)N', 0.11428571428571428), ('COC(OC)=C(C)NNC(N)=S', 0.10810810810810811)]",COc1cc(N)ccc1C
1477,0.0001314799999818,"[('N#CC(c1ccc(N2CCC(=O)CC2)cc1)N1CCOCC1', 0.5), ('O=C1CCN(c2ccc(C(=O)NN3CCOCC3)cc2)CC1', 0.5), ('O=C1CCN(c2ccc(CNc3ccc(Br)cc3)cc2)CC1', 0.4666666666666667)]",O=C1CCN(c2ccc(CN3CCOCC3)cc2)CC1
42254,0.0001181199999336,"[('CC(=O)NNc1cccc(-c2ccc(Cl)c(C(N)=O)c2)n1', 0.5918367346938775), ('COC(=N)c1cccc(-c2ccc(Cl)c(C(N)=O)c2)n1', 0.5918367346938775), ('CS(=O)(=O)Oc1cccc(-c2ccc(Cl)c(C(N)=O)c2)n1', 0.5918367346938775)]",CN(C)c1cccc(-c2ccc(Cl)c(C(N)=O)c2)n1
44986,0.0002147200000763,"[('CC(C)(C)OC(=O)n1c(-c2cccc3c2C(=O)NC3)cc2cc(CNCc3ccccc3)ccc21', 0.7571428571428571), ('O=C1NCc2c(Cl)ccc(-c3cc4cc(CNCc5ccccc5)ccc4n3C(=O)OC3CCCCC3)c21', 0.7432432432432432), ('CC(C)(C)OC(=O)n1c(-c2ccc(Cl)c3c2C(=O)NC3)cc2cc(N=Nc3ccccc3)ccc21', 0.7323943661971831)]",CC(C)(C)OC(=O)n1c(-c2ccc(Cl)c3c2C(=O)NC3)cc2cc(CNCc3ccccc3)ccc21
39359,0.0002036199998656,"[('O=S1CCN(c2nc(N3CCNCC3)nc3c(SCc4c(Cl)cccc4Cl)ncnc23)CC1', 0.7619047619047619), ('O=S1CCN(c2nc(N3CCNCC3)nc3c(SCc4cc(Cl)ccn4)ncnc23)CC1', 0.7538461538461538), ('O=C(CSc1ncnc2c(N3CCS(=O)CC3)nc(N3CCNCC3)nc12)c1ccc(Cl)cc1', 0.7538461538461538)]",O=S1CCN(c2nc(N3CCNCC3)nc3c(SCc4ccc(Cl)cc4)ncnc23)CC1
4349,0.0001886000000922,"[('Cc1ccc(CCC(=O)N2C[C@H](C)N(Cc3ccc(F)cc3)C[C@H]2C)c(OC(C)(C)C(=O)O)c1', 0.7575757575757576), ('Cc1ccc(CCC(=O)N2C[C@H](C)N(Cc3ccc(F)cc3)C[C@H]2C)c(OC(C)C(=O)O)c1', 0.7575757575757576), ('Cc1ccc(CCC(=O)N2C[C@H](C)N(Cc3ccc(F)cc3)C[C@H]2C)c(OP(=O)(O)O)c1', 0.7538461538461538)]",Cc1ccc(CCC(=O)N2C[C@H](C)N(Cc3ccc(F)cc3)C[C@H]2C)c(OCC(=O)O)c1
40202,0.00015056000002,"[('CCOC(=O)NC(C)Cn1cc(-c2ccccc2)c2ccccc2c1=O', 0.7291666666666666), ('CCSC(=O)NC(C)Cn1cc(-c2ccccc2)c2ccccc2c1=O', 0.7291666666666666), ('CC(Cn1cc(-c2ccccc2)c2ccccc2c1=O)NC(=O)CC#N', 0.7142857142857143)]",CC(=O)NC(C)Cn1cc(-c2ccccc2)c2ccccc2c1=O
19190,0.0002233600000181,"[('Cc1cc(CNC(=O)c2ccc3nc(C(F)(F)F)cc(N4CC[C@H](O)C4)c3c2)c(F)cc1NS(C)(=O)=O', 0.7439024390243902), ('Cc1cc([C@@H](C)NC(=O)c2ccc3nc(C(F)(F)F)cc(N4CC[C@H](O)C4)c3c2)c(F)cc1C(=O)CCC(=O)O', 0.7349397590361446), ('Cc1cc([C@@H](C)NC(=O)c2ccc3nc(C(F)(F)F)cc(N4CC[C@H](O)C4)c3c2)c(F)cc1OCC(=O)O', 0.7261904761904762)]",Cc1cc([C@@H](C)NC(=O)c2ccc3nc(C(F)(F)F)cc(N4CC[C@H](O)C4)c3c2)c(F)cc1NS(C)(=O)=O
23736,0.0001669599999331,"[('Cc1ccccc1Sc1ccc2c(c1)OCC21CCN(Cc2ccco2)CC1', 0.65625), ('Cc1ccccc1Sc1ccc2c(c1)OCC21CCN(Cc2cccs2)CC1', 0.65625), ('Cc1ccccc1Sc1ccc2c(c1)OCC21CCN(Cc2ccccn2)CC1', 0.6461538461538462)]",Cc1ccccc1Sc1ccc2c(c1)OCC21CCN(CCC(=O)O)CC1
35338,0.0002260199999909,"[('Cc1sc2c(c1CCN1CCC(c3nn(-c4ccc(F)cc4)c4cc(F)ccc34)CC1)CCN(C(=O)CCBr)C2', 0.84), ('C=CC(=O)N1CCc2c(sc(C)c2CCN2CCC(c3nn(-c4ccc(F)cc4)c4cc(F)ccc34)CC2)C1', 0.84), ('CCSC(=O)N1CCc2c(sc(C)c2CCN2CCC(c3nn(-c4ccc(F)cc4)c4cc(F)ccc34)CC2)C1', 0.8289473684210527)]",CC(=O)N1CCc2c(sc(C)c2CCN2CCC(c3nn(-c4ccc(F)cc4)c4cc(F)ccc34)CC2)C1
40861,0.0001915600001666,"[('CCC(=O)c1ccc2c(C(=O)NCc3ccc(F)c(F)c3)c(C(C)C)n(Cc3ccccn3)c2c1', 0.7638888888888888), ('CC(=O)Nc1ccc2c(C(=O)NCc3ccc(F)c(F)c3)c(C(C)C)n(Cc3ccccn3)c2c1', 0.7638888888888888), ('CCC(O)c1ccc2c(C(=O)NCc3ccc(F)c(F)c3)c(C(C)C)n(Cc3ccccn3)c2c1', 0.7534246575342466)]",COc1ccc2c(C(=O)NCc3ccc(F)c(F)c3)c(C(C)C)n(Cc3ccccn3)c2c1
33862,0.0001195800000459,"[('CC(N)C(=O)NCC(O)c1cc(Br)c(N)c(C#N)c1', 0.5660377358490566), ('N#Cc1cc(C(O)CNC(=O)C(F)(F)F)cc(Br)c1N', 0.5660377358490566), ('COC(=O)C(=O)NCC(O)c1cc(Br)c(N)c(C#N)c1', 0.5555555555555556)]",N#Cc1cc(C(O)CNC2CCC2)cc(Br)c1N
10465,0.0001753599998664,"[('CC1(C)OCc2cc([C@@H](O)C(=O)N[C@H]3CCc4ccc(CCBr)cc4C3)ccc2O1', 0.7692307692307693), ('CC=Cc1ccc2c(c1)C[C@@H](NC(=O)[C@H](O)c1ccc3c(c1)COC(C)(C)O3)CC2', 0.7692307692307693), ('CCOc1ccc2c(c1)C[C@@H](NC(=O)[C@H](O)c1ccc3c(c1)COC(C)(C)O3)CC2', 0.7575757575757576)]",CC1(C)OCc2cc([C@@H](O)C(=O)N[C@H]3CCc4ccc(O)cc4C3)ccc2O1
14950,0.0001962199999979,"[('CC(C)[C@@H](C(=O)O)N1Cc2ccc(-c3ccc(C=Nc4ccc(F)c(F)c4)cc3)cc2C1=O', 0.6268656716417911), ('CC(C)[C@@H](C(=O)O)N1Cc2ccc(-c3ccc(ON=Cc4ccc(F)c(F)c4)cc3)cc2C1=O', 0.6231884057971014), ('CC(C)[C@@H](C(=O)O)N1Cc2ccc(-c3ccc(CN=Cc4ccc(F)c(F)c4)cc3)cc2C1=O', 0.6)]",CC(C)[C@@H](C(=O)O)N1Cc2ccc(-c3ccc(NC(=O)c4ccc(F)c(F)c4)cc3)cc2C1=O
11088,0.0001715599999442,"[('CN1C(=O)Cn2cc(C(=O)NCc3ccc(C=CBr)cc3)c(=O)c3cc(I)cc1c32', 0.7777777777777778), ('CC#Cc1ccc(CNC(=O)c2cn3c4c(cc(I)cc4c2=O)N(C)C(=O)C3)cc1', 0.7777777777777778), ('CC(N)c1ccc(CNC(=O)c2cn3c4c(cc(I)cc4c2=O)N(C)C(=O)C3)cc1', 0.7777777777777778)]",CN1C(=O)Cn2cc(C(=O)NCc3ccc(Cl)cc3)c(=O)c3cc(I)cc1c32
18819,0.0001651600000514,"[('CN(Cc1cc(CO)ccc1Oc1ccc(Cl)c(Cl)c1)C(=O)Nc1ccccc1', 0.6440677966101694), ('CN(Cc1cc(CO)ccc1Oc1ccc(Cl)c(Cl)c1)C(=O)c1ccco1', 0.6440677966101694), ('C=CCCC(=O)N(C)Cc1cc(CO)ccc1Oc1ccc(Cl)c(Cl)c1', 0.6440677966101694)]",CN(Cc1cc(CO)ccc1Oc1ccc(Cl)c(Cl)c1)C(=O)OC(C)(C)C
34302,0.0002145000001291,"[('CCCCc1ccc(C2=CCC(N3CC(NC(=O)CNC(=O)c4cccc(C(F)(F)F)c4)C3)CC2)cc1', 0.7702702702702703), ('COCCc1ccc(C2=CCC(N3CC(NC(=O)CNC(=O)c4cccc(C(F)(F)F)c4)C3)CC2)cc1', 0.7702702702702703), ('C=C(C)Cc1ccc(C2=CCC(N3CC(NC(=O)CNC(=O)c4cccc(C(F)(F)F)c4)C3)CC2)cc1', 0.7702702702702703)]",CSc1ccc(C2=CCC(N3CC(NC(=O)CNC(=O)c4cccc(C(F)(F)F)c4)C3)CC2)cc1
9559,0.0002029799998126,"[('CC(C)CCOc1cccc(-c2c3cccc(C(F)(F)F)c3nn2Cc2c(F)cc(F)cc2F)c1', 0.6119402985074627), ('CCC(CC)=NNc1cccc(-c2c3cccc(C(F)(F)F)c3nn2Cc2c(F)cc(F)cc2F)c1', 0.6119402985074627), ('CC(C)(C)CC(=O)Nc1cccc(-c2c3cccc(C(F)(F)F)c3nn2Cc2c(F)cc(F)cc2F)c1', 0.5942028985507246)]",C[Si](C)(C)C#Cc1cccc(-c2c3cccc(C(F)(F)F)c3nn2Cc2c(F)cc(F)cc2F)c1
42058,0.0001553000000058,"[('COC(=O)[C@H](CCC(=O)OCc1ccccc1)NC(=O)N1CCOCC1', 0.6206896551724138), ('COC(=O)[C@H](CC(F)(F)Cc1ccccc1)NC(=O)c1ccc(Br)cc1', 0.5789473684210527), ('COC(=O)[C@H](CC(F)(F)Cc1ccccc1)NC(=O)c1ccccc1Br', 0.5789473684210527)]",COC(=O)[C@H](CC(F)(F)Cc1ccccc1)NC(=O)N1CCOCC1
31717,0.0001179599998977,"[('CN1C2CCC1CC(c1c[nH]c3ccccc13)C2', 0.6666666666666666), ('CC(=O)c1ccc2c(C3CC4CCC(C3)N4C)c[nH]c2c1', 0.6595744680851063), ('CCOc1ccc2c(C3CC4CCC(C3)N4C)c[nH]c2c1', 0.6458333333333334)]",CN1C2CCC1CC(c1c[nH]c3cc(F)ccc13)C2
7932,9.432000006199814e-05,"[('C=C(C)CC(NC(=O)C(C)Br)C(=O)O', 0.5263157894736842), ('C=C(C)CC(NC(=O)C(N)C(C)C)C(=O)O', 0.5128205128205128), ('CCCCSCC(NC(=O)OC(C)(C)C)C(=O)O', 0.5116279069767442)]",C=C(C)CC(NC(=O)OC(C)(C)C)C(=O)O
32772,6.859999994048848e-05,"[('CCOC(=O)c1ccc(Br)o1', 0.2631578947368421), ('CCOC(=O)c1cccc(Br)c1', 0.2631578947368421), ('CCOC(=O)c1cncc(Br)c1', 0.2564102564102564)]",C=C(CC)C(=O)C(=O)OCC
15783,0.0001029399999424,"[('CC1(C)CC(=O)C=C(Nc2cc(Cl)c(Cl)c(Cl)c2)C1', 0.3333333333333333), ('COc1ccc(CNc2cc(Cl)c(Cl)c(Cl)c2)cc1', 0.3181818181818182), ('Cc1cccc(Nc2cc(Cl)c(Cl)c(Cl)c2)c1', 0.3170731707317073)]",CC(C)(C)OC(=O)Nc1cc(Cl)c(Cl)c(Cl)c1
39908,0.0002252400000543,"[('Cn1c(N(Cc2ccc(C(=O)Oc3ccc(Br)cc3)cc2)C2CCC(C(C)(C)C)CC2)nc2cc(O)ccc21', 0.6219512195121951), ('Cn1c(N(Cc2ccc(C(=O)n3cc(Br)cn3)cc2)C2CCC(C(C)(C)C)CC2)nc2cc(O)ccc21', 0.6219512195121951), ('Cn1c(N(Cc2ccc(C(=O)N3OC4C=CC43)cc2)C2CCC(C(C)(C)C)CC2)nc2cc(O)ccc21', 0.6219512195121951)]",Cn1c(N(Cc2ccc(C(=O)Nc3nnn[nH]3)cc2)C2CCC(C(C)(C)C)CC2)nc2cc(O)ccc21
12874,0.0001702399998976,"[('CNC(=O)c1[nH]c2ccc3c(c2c1CCNC(=O)C1C(C)(C)C1(C)C)CCO3', 0.6875), ('CNC(=O)c1[nH]c2ccc3c(c2c1CCNC(=O)c1ccc(Br)o1)CCO3', 0.6666666666666666), ('CNC(=O)c1[nH]c2ccc3c(c2c1CCOOC(C)(C)OC)CCO3', 0.6515151515151515)]",CNC(=O)c1[nH]c2ccc3c(c2c1CCNC(=O)OC(C)(C)C)CCO3
21044,0.0001155400001152,"[('O=C(CNC(=O)[C@H]1CC[C@@H](O)CC1)OCc1ccccc1', 0.5), ('CN(C(=O)OCC1CCCO1)[C@H]1CC[C@@H](O)CC1', 0.48936170212765956), ('CN(C(=O)OCC1C(C)(C)C1(Cl)Cl)[C@H]1CC[C@@H](O)CC1', 0.48936170212765956)]",CN(C(=O)OCc1ccccc1)[C@@H]1CC[C@H](O)CC1
3899,0.000215339999886,"[('CC1CN1C(=O)c1ccc(COc2cc(Cl)ccc2-c2nc3cc(F)c(F)cc3n2CC2CCCCC2)cc1', 0.7972972972972973), ('CC(Br)C(=O)c1ccc(COc2cc(Cl)ccc2-c2nc3cc(F)c(F)cc3n2CC2CCCCC2)cc1', 0.7972972972972973), ('C=CC(=O)c1ccc(COc2cc(Cl)ccc2-c2nc3cc(F)c(F)cc3n2CC2CCCCC2)cc1', 0.7945205479452054)]",COC(=O)c1ccc(COc2cc(Cl)ccc2-c2nc3cc(F)c(F)cc3n2CC2CCCCC2)cc1
19293,0.0001283999998122,"[('OC1(c2ccc(Cl)cc2)CCN(c2ncc(Br)cc2Cl)CC1', 0.6530612244897959), ('OC1(c2ccccn2)CCN(c2ccc(Br)cn2)CC1', 0.6326530612244898), ('CC(C)(C)C1(O)CCN(c2ncc(Br)cc2Cl)CC1', 0.58)]",OC1(c2ccccn2)CCN(c2ncc(Br)cc2Cl)CC1
23147,0.0002166200001738,"[('CCNC(=O)Nc1cn2cc(Oc3cc(C)cc(NC(=O)CSc4ccc(C)cc4)c3)ccc2n1', 0.6438356164383562), ('CCNC(=O)Nc1cn2cc(Oc3cc(C)cc(NC(=O)COc4ccccc4C)c3)ccc2n1', 0.6351351351351351), ('CCNC(=O)Nc1cn2cc(Oc3cc(C)cc(NC(=O)C(OC)c4ccccc4)c3)ccc2n1', 0.6351351351351351)]",CCNC(=O)Nc1cn2cc(Oc3cc(C)cc(NC(=O)c4cc(C)nn4C)c3)ccc2n1
18306,0.0002582999999503,"[('O=C(NCCc1c[nH]c2ccc(O)cc12)c1cc(OCc2ccccc2)c(C=Cc2ccccc2)c(OCc2ccccc2)c1', 0.7741935483870968), ('O=C(C=Cc1c(OCc2ccccc2)cc(C(=O)NCCc2c[nH]c3ccc(O)cc23)cc1OCc1ccccc1)c1ccccc1', 0.75), ('O=C(OCCc1c[nH]c2ccc(O)cc12)c1cc(OCc2ccccc2)c(OCc2ccccc2)c(OCc2ccccc2)c1', 0.7166666666666667)]",O=C(NCCc1c[nH]c2ccc(O)cc12)c1cc(OCc2ccccc2)c(OCc2ccccc2)c(OCc2ccccc2)c1
5523,0.0001295400003073,"[('O=S(=O)(NN=Cc1c(Cl)cccc1Cl)c1cccc(Cl)c1Cl', 0.425531914893617), ('O=S(=O)(NNc1ccc(Cl)c(Cl)c1)c1cccc(Cl)c1Cl', 0.40816326530612246), ('O=S(=O)(NN=Cc1cccc(Cl)c1Cl)c1cccc(Cl)c1Cl', 0.40816326530612246)]",O=S(=O)(Nc1ncc(Cl)nc1Cl)c1cccc(Cl)c1Cl
3036,9.80799997705617e-05,"[('Nc1cccc(CC(=S)N2CCOCC2)c1', 0.5116279069767442), ('Nc1cccc(CN2CCOCC2)c1', 0.4634146341463415), ('Nc1cccc(NS(=O)(=O)N2CCOCC2)c1', 0.4444444444444444)]",Nc1cccc(C(=O)N2CCOCC2)c1
18138,0.0002053199998044,"[('C=CCOc1cc(OC)cc(N2CCN(C(=O)c3cc(C(O)CC)nn3-c3ccccc3)CC2)c1', 0.8360655737704918), ('COc1cc(OC)cc(N2CCN(C(=O)c3cc(C(C)O)nn3-c3ccccc3)CC2)c1', 0.8), ('COc1cc(OC)cc(N2CCN(C(=O)c3cc(C(O)C(C)(C)C)nn3-c3ccccc3)CC2)c1', 0.7586206896551724)]",CCC(O)c1cc(C(=O)N2CCN(c3cc(OC)cc(OC)c3)CC2)n(-c2ccccc2)n1
9662,0.000296679999883,"[('CC(C)(C)OC(=O)NC1CCCCCC=CC2CC2(C(=O)NCc2ccncc2)NC(=O)C2CC(OC(=O)c3ccc4ccccc4c3)CN2C1=O', 0.77), ('CC(C)(C)OC(=O)NC1CCCCCC=CC2CC2(C(=O)NCc2ccco2)NC(=O)C2CC(OC(=O)c3ccc4ccccc4c3)CN2C1=O', 0.7623762376237624), ('Cc1cc(NC(=O)C23CC2C=CCCCCCC(NC(=O)OC(C)(C)C)C(=O)N2CC(OC(=O)c4ccc5ccccc5c4)CC2C(=O)N3)no1', 0.7623762376237624)]",CC(C)(C)OC(=O)NC1CCCCCC=CC2CC2(C(=O)NS(=O)(=O)C2CC2)NC(=O)C2CC(OC(=O)c3ccc4ccccc4c3)CN2C1=O
1278,0.0001846600001954,"[('COC(C)(C)C(NC(=O)c1ccccc1Br)C(=O)N1CCC(N2Cc3cnc(C)n3C2=O)CC1', 0.7083333333333334), ('COC(C)(C)C(NC(=O)c1cccnc1)C(=O)N1CCC(N2Cc3cnc(C)n3C2=O)CC1', 0.7083333333333334), ('COC(C)(C)C(NC(=O)c1ccco1)C(=O)N1CCC(N2Cc3cnc(C)n3C2=O)CC1', 0.7083333333333334)]",COC(C)(C)C(NC(=O)OC(C)(C)C)C(=O)N1CCC(N2Cc3cnc(C)n3C2=O)CC1
40358,0.0002080400001432,"[('COc1ccc2ncnc(N3CCN(C(=O)N(c4ccccc4)c4ccccc4)CC3)c2c1', 0.7636363636363637), ('COc1ccc2c(N3CCN(C(=O)N(c4ccccc4)c4ccccc4)CC3)ncnc2c1', 0.7636363636363637), ('COc1cc2ncnc(N3CCN(C(=O)C4CC4(c4ccccc4)c4ccccc4)CC3)c2cc1OC', 0.639344262295082)]",COc1cc2ncnc(N3CCN(C(=O)N(c4ccccc4)c4ccccc4)CC3)c2cc1OC
39283,0.0002298599998539,"[('Cc1c(Sc2cccc(C(=O)NC3CC3)c2)c2ccc(Cl)c(F)c2n1-c1cnn(CCO[Si](C)(C)C(C)(C)C)c1', 0.7790697674418605), ('Cc1c(Sc2cccc(C(=O)c3ccc[nH]3)c2)c2ccc(Cl)c(F)c2n1-c1cnn(CCO[Si](C)(C)C(C)(C)C)c1', 0.7790697674418605), ('Cc1c(Sc2cccc(C(=O)c3cccs3)c2)c2ccc(Cl)c(F)c2n1-c1cnn(CCO[Si](C)(C)C(C)(C)C)c1', 0.7790697674418605)]",CCOC(=O)c1cccc(Sc2c(C)n(-c3cnn(CCO[Si](C)(C)C(C)(C)C)c3)c3c(F)c(Cl)ccc23)c1
34953,0.0001524199999039,"[('O=C(Nc1nc(-c2ccco2)c(N2CCOCC2)s1)Nc1ccccc1Br', 0.6060606060606061), ('O=C(CCc1ccccc1)Nc1nc(-c2ccco2)c(N2CCOCC2)s1', 0.6060606060606061), ('CCOC(=O)c1sc(NC(=O)c2cccnc2)nc1-c1ccco1', 0.5909090909090909)]",O=C(Nc1nc(-c2ccco2)c(N2CCOCC2)s1)c1cccnc1
18835,0.0001732199998514,"[('C=CCc1cc(Cl)cc(CN(C)C(=O)c2nc(SC)ncc2-c2ccccc2C)c1', 0.8305084745762712), ('CCOc1cc(Cl)cc(CN(C)C(=O)c2nc(SC)ncc2-c2ccccc2C)c1', 0.8305084745762712), ('CC=Cc1cc(Cl)cc(CN(C)C(=O)c2nc(SC)ncc2-c2ccccc2C)c1', 0.8166666666666667)]",CSc1ncc(-c2ccccc2C)c(C(=O)N(C)Cc2cc(Cl)cc(Cl)c2)n1
32171,0.0001309999999648,"[('CCOC(=O)c1cccc(NS(=O)(=O)c2ccc(C)cc2)c1N', 0.54), ('Cc1ccc(C(Cl)=NNc2cccc([N+](=O)[O-])c2N)cc1', 0.54), ('Cc1ccc(N(C)C(=O)Nc2cccc([N+](=O)[O-])c2N)cc1', 0.54)]",Cc1ccc(S(=O)(=O)Nc2cccc([N+](=O)[O-])c2N)cc1
1332,9.706000018923076e-05,"[('COc1cccc(CCNCc2ccccc2Br)c1', 0.46), ('COc1cccc(SCC(=O)C(F)(F)F)c1', 0.4583333333333333), ('COC(=O)C(N)CCCNC(=O)C(F)(F)F', 0.3673469387755102)]",COc1cccc(CCNC(=O)C(F)(F)F)c1
15958,0.0001922600000398,"[('CC(C)n1nc(CNS(C)(=O)=O)c(COc2ccccn2)c1Sc1cc(Cl)cc(Cl)c1', 0.6567164179104478), ('CC(C)n1nc(CNS(C)(=O)=O)c(CSC(=N)N)c1Sc1cc(Cl)cc(Cl)c1', 0.6461538461538462), ('CC(C)n1nc(CNS(C)(=O)=O)c(CSc2ccccc2N)c1Sc1cc(Cl)cc(Cl)c1', 0.6417910447761194)]",CC(C)n1nc(CNS(C)(=O)=O)c(Cc2ccncc2)c1Sc1cc(Cl)cc(Cl)c1
11405,8.478000017930754e-05,"[('CC1(C)Cc2sc(Cl)cc2C1=O', 0.5833333333333334), ('CC(=O)Sc1cc2c(s1)CC(C)(C)C2=O', 0.575), ('CC1(C)Cc2sc(C=O)cc2C1=O', 0.5526315789473685)]",CC1(C)Cc2sc(C(=O)O)cc2C1=O
11978,0.0001394799997797,"[('CC(C)(C)NC(=O)C1Cc2ccccc2N1c1ncccn1', 0.5918367346938775), ('CCOC(=O)C1Cc2ccccc2N1c1ncccn1', 0.5918367346938775), ('C=CCNC(=O)C1Cc2ccccc2N1c1ncccn1', 0.5576923076923077)]",O=C(C1Cc2ccccc2N1c1ncccn1)N1CCCC1
34169,0.0001971199997569,"[('C#Cc1ccc(-c2ccc(C(=O)NN(c3nc(C#N)ncc3Br)C3CCCC3)cn2)cc1', 0.7761194029850746), ('C=Cc1ccc(-c2ccc(C(=O)NN(c3nc(C#N)ncc3Br)C3CCCC3)cn2)cc1', 0.7647058823529411), ('N#Cc1ncc(Br)c(N(NC(=O)c2ccc(-c3ccc(OCCBr)cc3)nc2)C2CCCC2)n1', 0.7571428571428571)]",N#Cc1ncc(Br)c(N(NC(=O)c2ccc(-c3ccc(CCl)cc3)nc2)C2CCCC2)n1
17722,0.0002280599996083,"[('CCCCN(CCO)CCCS(=O)(=O)N1CCC(Nc2ncc(C(=O)c3cc(F)ccc3OC)c(N)n2)CC1', 0.7325581395348837), ('COc1ccc(F)cc1C(=O)c1cnc(NC2CCN(S(=O)(=O)CCCC(C)=NO)CC2)nc1N', 0.7261904761904762), ('CCOC(=O)CCS(=O)(=O)N1CCC(Nc2ncc(C(=O)c3cc(F)ccc3OC)c(N)n2)CC1', 0.7228915662650602)]",CC[C@H](CO)NCCCS(=O)(=O)N1CCC(Nc2ncc(C(=O)c3cc(F)ccc3OC)c(N)n2)CC1
26390,0.0001581599999553,"[('CCCNCc1ccc(COc2ccc3oc(C(C)=O)cc3c2)cc1', 0.7142857142857143), ('CCON=Cc1ccc(COc2ccc3oc(C(C)=O)cc3c2)cc1', 0.7058823529411765), ('CCCC(O)c1ccc(COc2ccc3oc(C(C)=O)cc3c2)cc1', 0.7)]",CCOc1ccc(COc2ccc3oc(C(C)=O)cc3c2)cc1
3735,0.0001065200000084,"[('BrCCc1ccc2c(c1)C1(CCNCC1)OC2', 0.5853658536585366), ('C=CCc1ccc2c(c1)C1(CCNCC1)OC2', 0.5714285714285714), ('CCNc1ccc2c(c1)C1(CCNCC1)OC2', 0.5714285714285714)]",Clc1ccc2c(c1)C1(CCNCC1)OC2
22085,0.0002101799998854,"[('NC(=O)c1c(-c2ccc(OCc3cccc(Br)c3)cc2)nn(-c2cc([N+](=O)[O-])ccc2CO)c1N', 0.704225352112676), ('NC(=O)c1c(-c2ccc(OCCN3CCCC3)cc2)nn(-c2cc([N+](=O)[O-])ccc2CO)c1N', 0.7), ('NC(=O)c1c(-c2ccc(OC3CCCCO3)cc2)nn(-c2cc([N+](=O)[O-])ccc2CO)c1N', 0.6712328767123288)]",NC(=O)c1c(-c2ccc(Oc3ccccc3)cc2)nn(-c2cc([N+](=O)[O-])ccc2CO)c1N
5742,0.000221120000242,"[('O=c1c(Cc2cccnc2)cn2c3c(cc(OCCN4CCOCC4)cc13)Sc1cc(Br)ccc1-2', 0.7432432432432432), ('O=c1c(Cc2cccnc2)cn2c3c(cc(OCC#Cc4ccccn4)cc13)Sc1cc(Br)ccc1-2', 0.7432432432432432), ('O=c1c(Cc2cccnc2)cn2c3c(cc(OCCCN4CCOCC4)cc13)Sc1cc(Br)ccc1-2', 0.7333333333333333)]",O=c1c(Cc2cccnc2)cn2c3c(cc(OCc4cccnc4)cc13)Sc1cc(Br)ccc1-2
31342,0.0002393399998254,"[('CCOC(=O)N1c2ccc(C(F)(F)F)cc2[C@@H](N(C#N)Cc2cc(C(F)(F)F)cc(C(F)(F)F)c2)C[C@H]1C', 0.8253968253968254), ('CCOC(=O)N1c2ccc(C(F)(F)F)cc2[C@@H](N(C#N)Cc2cc(OCC=C(C)C)cc(C(F)(F)F)c2)C[C@H]1CC', 0.8028169014084507), ('CCOC(=O)N1c2ccc(C(F)(F)F)cc2[C@@H](N(C#N)Cc2cc(NC(=O)C(C)C)cc(C(F)(F)F)c2)C[C@H]1CC', 0.8028169014084507)]",CCOC(=O)N1c2ccc(C(F)(F)F)cc2[C@@H](N(C#N)Cc2cc(C(F)(F)F)cc(C(F)(F)F)c2)C[C@H]1CC
43728,0.0002101399999446,"[('Cc1cc(C(C)C)nc2[nH]nc(NC=C3C(=O)Nc4ccccc43)c12', 0.7777777777777778), ('COc1cc(C)nc2[nH]nc(NC=C3C(=O)Nc4ccccc43)c12', 0.7777777777777778), ('Cc1cc([N+](=O)[O-])c2c(NC=C3C(=O)Nc4ccccc43)n[nH]c2n1', 0.75)]",Cc1cc(C)c2c(NC=C3C(=O)Nc4ccccc43)n[nH]c2n1
3015,6.670000002486631e-05,"[('C=CCC(C)(O)c1ccco1', 0.13953488372093023), ('C=CCc1ccc(O)c(OC)c1', 0.13953488372093023), ('C=CCc1ccc(OC)c(O)c1', 0.13953488372093023)]",C=CCNCC(O)CC=C
46228,0.0001788800000213,"[('CCOc1ccc(C(=O)c2ccc(NC(=O)Nc3cccc(Cl)c3)cc2OC)cc1', 0.5714285714285714), ('CCCCCCOC(=O)c1ccc(NC(=O)Nc2cccc(Cl)c2)cc1OC', 0.5714285714285714), ('CCOC(=O)C(O)=CC(=O)c1ccc(NC(=O)Nc2cccc(Cl)c2)cc1OC', 0.5625)]",CCN(CC)CCNC(=O)c1ccc(NC(=O)Nc2cccc(Cl)c2)cc1OC
11239,0.0001057800000126,"[('Cc1ccc(C2CC(c3ccccc3)=NN2)cc1', 0.24444444444444444), ('Cc1ccc(C2=NNC(c3ccccc3)C2)cc1', 0.24444444444444444), ('Cc1ccc(C2OCCN2c2ccccc2)cc1', 0.24444444444444444)]",Cc1ccc(C(=O)Nc2ccccc2)cc1
40422,0.0001073599998562,"[('CC(C)C(NC(=O)c1ccc(Br)cc1)C(=O)O', 0.3829787234042553), ('CC(C)CC(NC(=O)c1ccc(Br)cc1)C(=O)O', 0.36), ('CSCCC(NC(=O)c1ccc(Br)cc1)C(=O)O', 0.33962264150943394)]",Cn1ncc(C(=O)O)c1NC(=O)c1ccc(Br)cc1
28053,0.0002116200003001,"[('CC(C)(C)OC(=O)NC1CCN(c2nc(-c3ccnc(NC4CCOCC4)c3)cc3cnccc23)CC1', 0.6883116883116883), ('CN(N=O)C1CCN(c2nc(-c3ccnc(NC4CCOCC4)c3)cc3cnccc23)CC1', 0.68), ('CCNC(=O)OC1CCN(c2nc(-c3ccnc(NC4CCOCC4)c3)cc3cnccc23)CC1', 0.6794871794871795)]",CC(C)NC(=O)C1CCN(c2nc(-c3ccnc(NC4CCOCC4)c3)cc3cnccc23)CC1
16251,0.0001232200003869,"[('COCCc1nc(C(N)=O)c(Nc2cccnc2)s1', 0.7592592592592593), ('COCCc1nc(C(=O)C(C)(C)C)c(Nc2cccnc2)s1', 0.7321428571428571), ('COCCc1nc(C(=O)c2ccco2)c(Nc2cccnc2)s1', 0.6721311475409836)]",CCOC(=O)c1nc(CCOC)sc1Nc1cccnc1
12908,0.0001788000001397,"[('COc1cccc(OC(=O)N2CCN(c3c(C(C)N)cc(Cl)c4cccnc34)CC2)c1', 0.589041095890411), ('COc1ccc(CC(=O)N2CCN(c3c(C(C)N)cc(Cl)c4cccnc34)CC2)cc1', 0.581081081081081), ('COc1ccc(NC(=O)N2CCN(c3c(C(C)N)cc(Cl)c4cccnc34)CC2)cc1', 0.581081081081081)]",Cc1noc(C)c1C(=O)N1CCN(c2c(C(C)N)cc(Cl)c3cccnc23)CC1
21006,0.0001538000000437,"[('CCOC(=O)CNC(=O)c1cc(Cl)c2c(c1C)C(SCC)CCS2', 0.5571428571428572), ('CCOC(=O)C(O)=CC(=O)c1cc(Cl)c2c(c1C)C(SCC)CCS2', 0.5492957746478874), ('CCOC(=O)CCNC(=O)c1cc(Cl)c2c(c1C)C(SCC)CCS2', 0.5416666666666666)]",CCSC1CCSc2c(Cl)cc(C(=O)Oc3ccnn3CC)c(C)c21
27517,7.289999994100071e-05,"[('Cc1cc(C#N)c(N)c(Cl)n1', 0.4857142857142857), ('Cc1cc(CO)c(N)c(Cl)n1', 0.4857142857142857), ('Cc1cc(C(F)(F)F)c(N)cn1', 0.48484848484848486)]",Cc1cc(C(F)(F)F)c(N)c(Cl)n1
33554,0.000164340000083,"[('C#Cc1ccc(C=CC(=O)N2C[C@H](CC(C)C)NC(=O)[C@@H]2CC(C)C)cc1', 0.7777777777777778), ('CC(C)C[C@H]1CN(C(=O)C=Cc2ccc(CCBr)cc2)[C@@H](CC(C)C)C(=O)N1', 0.7636363636363637), ('CC(C)C[C@H]1CN(C(=O)C=Cc2ccc(C3CO3)cc2)[C@@H](CC(C)C)C(=O)N1', 0.7636363636363637)]",Cc1ccc(C=CC(=O)N2C[C@H](CC(C)C)NC(=O)[C@@H]2CC(C)C)cc1
45618,0.0003112000002147,"[('COc1cccc(Nc2c(C(N)=O)cnc3c(C)cc(S(=O)(=O)c4cccc(C(=O)Nc5cccc(-c6ccc(CC7=NCCN7)cc6)c5)c4)cc23)c1', 0.7346938775510204), ('COc1cccc(Nc2c(C(N)=O)cnc3c(C)cc(S(=O)(=O)c4cccc(C(=O)Nc5cccc(-c6ccc(CSc7ncc[nH]7)cc6)c5)c4)cc23)c1', 0.7346938775510204), ('COc1cccc(Nc2c(C(N)=O)cnc3c(C)cc(S(=O)(=O)c4cccc(C(=O)Nc5cccc(-c6ccc(CN7CC=CCC7)cc6)c5)c4)cc23)c1', 0.7272727272727273)]",COc1cccc(Nc2c(C(N)=O)cnc3c(C)cc(S(=O)(=O)c4cccc(C(=O)Nc5cccc(-c6ccc(CCCC=O)cc6)c5)c4)cc23)c1
45784,0.000210639999932,"[('CCOC(=O)C1(c2ccc(-c3ccc(COC(=O)C(NC(=O)OC(C)C4CC4)C(C)C)cc3)cc2)CC1', 0.5797101449275363), ('CCOC(=O)C1(c2ccc(-c3ccc(CC(=NNC(=O)OC(C)C4CC4)OCC)cc3)cc2)CC1', 0.5714285714285714), ('CCOC(=O)C1(c2ccc(-c3ccc(C(=O)N(NC(=O)OC(C)C4CC4)C(C)(C)C)cc3)cc2)CC1', 0.5633802816901409)]",CCOC(=O)C1(c2ccc(-c3ccc(-c4onc(C)c4NC(=O)OC(C)C4CC4)cc3)cc2)CC1
3351,0.0001653799999985,"[('CNC1CN(c2c(F)cc3c(=O)c(C(=O)OC)cn(C4CC4)c3c2F)CC1C', 0.8275862068965517), ('CNC1CN(c2c(F)cc3c(=O)c(C(=O)CBr)cn(C4CC4)c3c2F)CC1C', 0.8), ('CCOC(=O)c1cn(C2CC2)c2c(F)c(N3CC(C)C(NC)C3)c(F)cc2c1=O', 0.7741935483870968)]",CNC1CN(c2c(F)cc3c(=O)c(C(=O)O)cn(C4CC4)c3c2F)CC1C
34928,0.000145099999645,"[('O=C1CCCN1c1ccc(C(F)(F)F)c(Cc2ccccc2)c1', 0.5925925925925926), ('CC(=O)Nc1ccc(N2CCCC2=O)cc1Cc1ccccc1', 0.5789473684210527), ('CN(C)N=Nc1ccc(N2CCCC2=O)cc1Cc1ccccc1', 0.5789473684210527)]",COCOc1ccc(N2CCCC2=O)cc1Cc1ccccc1
26353,0.0002808199997161,"[('O=C(NS(=O)(=O)C1CC1)c1ccc2c(C3CCCCC3)c3n(c2c1)CC(c1ocnc1C(=O)N1CCOCC1)=Cc1cc(CBr)ccc1-3', 0.8043478260869565), ('COc1ccc2c(c1)C=C(c1ocnc1C(=O)c1ccco1)Cn1c-2c(C2CCCCC2)c2ccc(C(=O)NS(=O)(=O)C3CC3)cc21', 0.7872340425531915), ('O=C(NS(=O)(=O)C1CC1)c1ccc2c(C3CCCCC3)c3n(c2c1)CC(c1ocnc1C(=O)N1CCOCC1)=Cc1cc(CCBr)ccc1-3', 0.7872340425531915)]",COc1ccc2c(c1)C=C(c1ocnc1C(=O)N1CCOCC1)Cn1c-2c(C2CCCCC2)c2ccc(C(=O)NS(=O)(=O)C3CC3)cc21
5506,0.0002254399998491,"[('CCC=NNC(=O)Cc1ccc(CCN2CCN(C(=O)C=Cc3cc(C(C)(C)C)c(O)c(C(C)(C)C)c3)CC2)cc1', 0.7014925373134329), ('CCCC(=O)NCc1ccc(CCN2CCN(C(=O)C=Cc3cc(C(C)(C)C)c(O)c(C(C)(C)C)c3)CC2)cc1', 0.6923076923076923), ('CCCCNCc1ccc(CCN2CCN(C(=O)C=Cc3cc(C(C)(C)C)c(O)c(C(C)(C)C)c3)CC2)cc1', 0.6818181818181818)]",CCOC(=O)Cc1ccc(CCN2CCN(C(=O)C=Cc3cc(C(C)(C)C)c(O)c(C(C)(C)C)c3)CC2)cc1
6957,0.00021994000017,"[('Cn1ncc2cc(COn3ccnc3)ccc21', 0.5416666666666666), ('CC(=O)C(N)COCc1ccc2c(cnn2C)c1', 0.54), ('Cn1ncc2cc(COCCC3CO3)ccc21', 0.52)]",Cn1ncc2cc(COS(C)(=O)=O)ccc21
11702,0.0001778800000465,"[('COc1cccc(-c2ccc3c(ccn3Cc3ccc(CNC4CC4)cc3)c2)c1', 0.6545454545454545), ('COc1cccc(-c2ccc3c(ccn3Cc3ccc(N4CCOCC4)cc3)c2)c1', 0.6545454545454545), ('COc1cccc(-c2ccc3c(ccn3Cc3ccc(N4CCNCC4)cc3)c2)c1', 0.6428571428571429)]",COc1cccc(-c2ccc3c(ccn3Cc3ccc(C(C)(C)C)cc3)c2)c1
26012,0.0001573800000187,"[('CCCCCCCCCCCC1OC1CCCCCN1C(=O)CCC1=O', 0.7096774193548387), ('CCCCCCCCCCCCCC1OC1CCCCN1C(=O)CCC1=O', 0.7096774193548387), ('CCCCCCCCCCCCCC1OC1CCCN1C(=O)CCC1=O', 0.65625)]",CCCCCCCCCCCCCCCCCCN1C(=O)CCC1=O
3222,0.0001183599997602,"[('COc1ccc2ccccc2c1-c1c[nH]c(N)n1', 0.7380952380952381), ('NC(=O)COc1ccc2ccccc2c1-c1c[nH]c(N)n1', 0.7021276595744681), ('C=CCCOc1ccc2ccccc2c1-c1c[nH]c(N)n1', 0.6875)]",CCOc1ccc2ccccc2c1-c1c[nH]c(N)n1
40225,0.0001368799996271,"[('CC(C)Oc1ccc2c(c1)nc(C(F)(F)F)n2CC1CCOCC1', 0.6607142857142857), ('CCC(=O)c1ccc2c(c1)nc(C(F)(F)F)n2CC1CCOCC1', 0.6491228070175439), ('CCC(O)c1ccc2c(c1)nc(C(F)(F)F)n2CC1CCOCC1', 0.6491228070175439)]",CNc1ccc2c(c1)nc(C(F)(F)F)n2CC1CCOCC1
9668,0.0002043599997705,"[('COc1ccc(N(Cc2cccnc2)c2ccc(N)c(C(=O)O)c2)cc1Oc1ccc(Br)cc1', 0.6857142857142857), ('COc1ccc(N(Cc2cccnc2)c2ccc(N)c(C(=O)O)c2)cc1Oc1ccccc1Br', 0.6857142857142857), ('COc1ccc(N(Cc2cccnc2)c2ccc(N)c(C(=O)O)c2)cc1Oc1cccc(C)c1', 0.676056338028169)]",COc1ccc(N(Cc2cccnc2)c2ccc(N)c(C(=O)O)c2)cc1OC1CCCC1
11587,0.0002185999997891,"[('NC(=O)N1CCC(c2cc(-c3ccc4sc(Cc5ccccc5)nc4c3)c3c(N)ncnn23)CC1', 0.8133333333333334), ('CCCCCC(=O)N1CCC(c2cc(-c3ccc4sc(Cc5ccccc5)nc4c3)c3c(N)ncnn23)CC1', 0.7777777777777778), ('CCOCC(=O)N1CCC(c2cc(-c3ccc4sc(Cc5ccccc5)nc4c3)c3c(N)ncnn23)CC1', 0.7777777777777778)]",CCNC(=O)N1CCC(c2cc(-c3ccc4sc(Cc5ccccc5)nc4c3)c3c(N)ncnn23)CC1
12274,0.000257060000149,"[('COc1c(C=O)cc(S(=O)(=O)NC(C)=O)cc1-c1cccc(NC(C)(C)C(C)=NO)c1', 0.6615384615384615), ('COc1c(C=O)cc(S(=O)(=O)NC(C)=O)cc1-c1cccc(C(=O)N(C(C)C)C(C)C)c1', 0.6507936507936508), ('COc1c(C=O)cc(S(=O)(=O)NC(C)=O)cc1-c1cccc(C=NNC(=O)OC(C)(C)C)c1', 0.6323529411764706)]",COc1c(C=O)cc(S(=O)(=O)NC(C)=O)cc1-c1cccc(S(=O)(=O)NC(C)(C)C)c1
7269,0.0001517400000011,"[('COc1ccc(C=O)c(-c2ccc(CO)cc2C2CCCCCC2)c1', 0.7058823529411765), ('COc1ccc(C(=O)O)c(-c2ccc(CO)cc2C2CCCCCC2)c1', 0.7058823529411765), ('COc1cccc(-c2ccc(CO)cc2C2CCCCCC2)c1', 0.6938775510204082)]",COc1ccc(F)c(-c2ccc(CO)cc2C2CCCCCC2)c1
20555,5.6739999854471536e-05,"[('Nc1ncc([N+](=O)[O-])cc1F', 0.46875), ('Nc1ccc(Cl)cn1', 0.39285714285714285), ('Fc1cncc(Cl)c1', 0.39285714285714285)]",Nc1ncc(Cl)cc1F
2544,0.0001928599995153,"[('CC(C)(NC(=O)c1c(F)ccc(F)c1Cl)C1(c2ccccn2)CCN(S(=O)(=O)CCCC#N)CC1', 0.8), ('Cc1ccc(CN2CCC(c3ccccn3)(C(C)(C)NC(=O)c3c(F)ccc(F)c3Cl)CC2)cc1', 0.676056338028169), ('Cc1ccc(N2CCC(c3ccccn3)(C(C)(C)NC(=O)c3c(F)ccc(F)c3Cl)CC2)cc1', 0.6714285714285714)]",CCCS(=O)(=O)N1CCC(c2ccccn2)(C(C)(C)NC(=O)c2c(F)ccc(F)c2Cl)CC1
5923,7.982000024640002e-05,"[('BrC1=NOC(c2ccccc2)C1', 0.175), ('BrCCN(CCBr)c1ccccc1', 0.17142857142857143), ('BrCCOc1ccccc1', 0.17142857142857143)]",Nc1nc(-c2ccccc2)cs1
39249,0.0001696399998763,"[('O=C1COC[C@H]([C@@H](OC(=O)c2ccc(C3=NCCN3)cc2)c2ccccc2)N1', 0.6349206349206349), ('O=C1COC[C@H]([C@@H](OC(=O)c2ccc(-c3ncc[nH]3)cc2)c2ccccc2)N1', 0.6349206349206349), ('O=C1COC[C@H]([C@@H](OC(=O)c2ccc(-n3cccn3)cc2)c2ccccc2)N1', 0.6349206349206349)]",O=C1COC[C@H]([C@@H](OC(=O)c2ccc([N+](=O)[O-])cc2)c2ccccc2)N1
37649,0.0001018399994791,"[('CN(C)S(=O)(=O)Nc1ccc(CO)cn1', 0.4666666666666667), ('COc1ccc(Nc2ccc(CO)cn2)cc1', 0.45652173913043476), ('COc1ccc(CNc2ccc(CO)cn2)cc1', 0.45652173913043476)]",CC(C)(C)OC(=O)Nc1ccc(CO)cn1
32675,9.827999929257204e-05,"[('COc1cnnc(-c2ccc(F)cc2)c1', 0.6578947368421053), ('CN(C)c1cnnc(-c2ccc(F)c(Cl)c2)c1', 0.6190476190476191), ('Fc1ccc(-c2cc(C(Cl)(Cl)Cl)cnn2)cc1Cl', 0.5952380952380952)]",COc1cnnc(-c2ccc(F)c(Cl)c2)c1
11651,0.000238640000316,"[('CN1CCC(C(=NC2CCN(Cc3ccc4ncn(-c5nc(-c6cccc(Cl)c6)c(C(N)=O)s5)c4c3)CC2)NO)CC1', 0.7727272727272727), ('Cc1ccc(C(=O)NC2CCN(Cc3ccc4ncn(-c5nc(-c6cccc(Cl)c6)c(C(N)=O)s5)c4c3)CC2)cc1', 0.7674418604651163), ('CN1CCC(N=C=NC2CCN(Cc3ccc4ncn(-c5nc(-c6cccc(Cl)c6)c(C(N)=O)s5)c4c3)CC2)CC1', 0.7647058823529411)]",CN1CCC(C(=O)NC2CCN(Cc3ccc4ncn(-c5nc(-c6cccc(Cl)c6)c(C(N)=O)s5)c4c3)CC2)CC1
11122,0.0001396400002704,"[('C=CCCOC(=O)c1cn(C2CC2)c2c(F)c(Br)c(F)c(F)c2c1=O', 0.7272727272727273), ('CC(=O)c1cn(C2CC2)c2c(F)c(Br)c(F)c(F)c2c1=O', 0.7142857142857143), ('O=C(O)c1cn(C2CC2)c2c(F)c(Br)c(F)c(F)c2c1=O', 0.6938775510204082)]",CCOC(=O)c1cn(C2CC2)c2c(F)c(Br)c(F)c(F)c2c1=O
39599,0.000131920000058,"[('Nc1sc2c(c1C(=O)OCCOCBr)CC(C(=O)O)OC2', 0.6153846153846154), ('Nc1sc2c(c1C(=O)Oc1ccncc1)CC(C(=O)O)OC2', 0.6153846153846154), ('C=CCCCOC(=O)c1c(N)sc2c1CC(C(=O)O)OC2', 0.5925925925925926)]",CC(C)(C)OC(=O)c1c(N)sc2c1CC(C(=O)O)OC2
32667,0.0001309999992372,"[('O=Cc1cccn2cc(-c3ccc(C(F)F)cc3)nc12', 0.6521739130434783), ('O=C(O)c1cccn2cc(-c3ccc(-n4ccnc4)cc3)nc12', 0.6), ('O=C(O)c1cccn2cc(-c3ccc(OCCBr)cc3)nc12', 0.5882352941176471)]",O=C(O)c1cccn2cc(-c3ccc(C(F)F)cc3)nc12
13050,0.0002159799994842,"[('CC(=O)c1cnc2ccc(-c3ccc(O)c(F)c3)cc2c1Nc1ccc(N2CCN(C)CC2)nc1', 0.8088235294117647), ('CC(=O)c1cnc2ccc(-c3cc(F)c(O)c(CN)c3)cc2c1Nc1ccc(N2CCN(C)CC2)nc1', 0.7945205479452054), ('CC(=O)c1cnc2ccc(-c3cc(F)c(O)c(C=NO)c3)cc2c1Nc1ccc(N2CCN(C)CC2)nc1', 0.7837837837837838)]",CC(=O)c1cnc2ccc(-c3cc(F)c(O)c(Cl)c3)cc2c1Nc1ccc(N2CCN(C)CC2)nc1
39795,0.0001278800002182,"[('CCCCCCOCCOc1cc(Cl)cc(N2CCNCC2)c1', 0.6274509803921569), ('CCOC(=O)CCCOc1cc(Cl)cc(N2CCNCC2)c1', 0.6153846153846154), ('CCC(O)OCCCOc1cc(Cl)cc(N2CCNCC2)c1', 0.6153846153846154)]",CCN(CC)CCOc1cc(Cl)cc(N2CCNCC2)c1
20573,0.0001909999999043,"[('BrCOCCCc1ccc(SCc2coc(/C=C/c3ccccc3)n2)cc1', 0.711864406779661), ('BrCCOCCOCCCc1ccc(SCc2coc(/C=C/c3ccccc3)n2)cc1', 0.7), ('C(=C/c1nc(CSc2ccc(CCCOc3cnccn3)cc2)co1)\\c1ccccc1', 0.6825396825396826)]",CS(=O)(=O)OCCCc1ccc(SCc2coc(/C=C/c3ccccc3)n2)cc1
4706,0.0001585999994858,"[('CC=Cc1cccc(OCC(C)NCC(O)c2cccc(Cl)c2)c1', 0.6333333333333333), ('CCC(C)(C)c1cccc(OCC(C)NCC(O)c2cccc(Cl)c2)c1', 0.6229508196721312), ('COC=C(Br)c1cccc(OCC(C)NCC(O)c2cccc(Cl)c2)c1', 0.6190476190476191)]",COC(=O)Cc1cccc(OCC(C)NCC(O)c2cccc(Cl)c2)c1
25073,0.000111339999421,"[('CC(=O)OCC(=O)Nc1cccc(N)c1C#N', 0.7441860465116279), ('CC(=O)OCC(=O)Nc1cccc(NCCO)c1C#N', 0.7333333333333333), ('CN=CNc1cccc(NC(=O)COC(C)=O)c1C#N', 0.717391304347826)]",CNc1cccc(NC(=O)COC(C)=O)c1C#N
25095,9.88599997072015e-05,"[('Clc1ccc(Cl)c(OCCCC2C=CCC2)c1', 0.45652173913043476), ('Clc1ccc(Cl)c(OCCCn2ccnc2)c1', 0.45652173913043476), ('Clc1ccc(Cl)c(OCCCc2cccnc2)c1', 0.45652173913043476)]",O=S(=O)([O-])CCCOc1cc(Cl)ccc1Cl
30150,0.0001031200004945,"[('c1cncc(-c2nc3ccccc3s2)c1', 0.6578947368421053), ('CC(=O)c1ccc2sc(-c3cccnc3)nc2c1', 0.6222222222222222), ('O=[N+]([O-])c1ccc2sc(-c3cccnc3)nc2c1', 0.6222222222222222)]",Nc1ccc2sc(-c3cccnc3)nc2c1
12805,0.0001220400004967,"[('C=CCCOc1ccc(C(=O)NC(C)(C#N)C(C)C)cc1F', 0.7142857142857143), ('CC(C)C(C)(C#N)NC(=O)c1ccc(OCC2CO2)c(F)c1', 0.7017543859649122), ('C=CCCCOc1ccc(C(=O)NC(C)(C#N)C(C)C)cc1F', 0.7017543859649122)]",C#CCOc1ccc(C(=O)NC(C)(C#N)C(C)C)cc1F
35723,0.0001192800002172,"[('C=CCCCCCn1c(=O)cnc2ccc(OC)nc21', 0.7142857142857143), ('C#CCCCCCn1c(=O)cnc2ccc(OC)nc21', 0.7142857142857143), ('CCNCCCCn1c(=O)cnc2ccc(OC)nc21', 0.7142857142857143)]",COc1ccc2ncc(=O)n(CCCCO)c2n1
40782,0.0001527399999758,"[('CCOC(=O)c1ccc(N)c(NCc2cccc3ccccc23)n1', 0.48333333333333334), ('CN(C)CCOc1ccc(N)c(NCc2cccc3ccccc23)n1', 0.48333333333333334), ('CN(C)CCSc1ccc(N)c(NCc2cccc3ccccc23)n1', 0.48333333333333334)]",Nc1ccc(N2CCOCC2)nc1NCc1cccc2ccccc12
17437,0.0001875800000561,"[('Nc1onc(-c2ccccc2Cl)c1C(=O)N1CCN(c2cccc(-n3ccnc3)c2)CC1', 0.6865671641791045), ('Nc1onc(-c2ccccc2Cl)c1C(=O)N1CCN(c2cccc(-n3cnnn3)c2)CC1', 0.6865671641791045), ('CC(Br)C(=O)c1cccc(N2CCN(C(=O)c3c(-c4ccccc4Cl)noc3N)CC2)c1', 0.6865671641791045)]",Nc1onc(-c2ccccc2Cl)c1C(=O)N1CCN(c2cccc(C(F)(F)F)c2)CC1
34378,0.0078172600005927,"[('Cc1ccc(Nc2ccc(-n3cccc3)cn2)cn1', 0.5), ('Cc1ccc(Nc2ccc(-c3cccnc3)cn2)cn1', 0.5), ('Cc1ccc(Nc2ccc(N=NN(C)C)cn2)cn1', 0.4791666666666667)]",COC(=O)c1ccc(Nc2ccc(C)nc2)nc1
15213,0.0001574199995957,"[('O=C(O)C(Cc1cccc(N2CCNCC2)c1)c1ccc(C(F)(F)F)cc1', 0.6530612244897959), ('O=C(O)C(Cc1cccc(N2CCOCC2)c1)c1ccc(C(F)(F)F)cc1', 0.64), ('O=C(O)C(Cc1cccc(OC2CCO2)c1)c1ccc(C(F)(F)F)cc1', 0.6274509803921569)]",O=C(O)C(Cc1cccc(C(F)(F)F)c1)c1ccc(C(F)(F)F)cc1
42481,0.000227619999714,"[('Cc1nn(C)c(C)c1-c1ccc(OCC(=O)OC(C)(C)C)c(C#Cc2cccc(S(=O)(=O)CCCC#N)c2)c1', 0.8289473684210527), ('CCCS(=O)(=O)c1cccc(C#Cc2cc(-c3c(C)nn(C)c3C)ccc2Oc2cc(C)cc(C)c2)c1', 0.6933333333333334), ('CCCS(=O)(=O)c1cccc(C#Cc2cc(-c3c(C)nn(C)c3C)ccc2Oc2nc(C)cc(C)n2)c1', 0.6842105263157895)]",CCCS(=O)(=O)c1cccc(C#Cc2cc(-c3c(C)nn(C)c3C)ccc2OCC(=O)OC(C)(C)C)c1
21013,0.0014620199999626,"[('CSC(=N)Nc1ccc2c(c1)C(C)(C)CCC2(C)C', 0.5263157894736842), ('CNC(=O)Nc1ccc2c(c1)C(C)(C)CCC2(C)C', 0.5263157894736842), ('CSC(=S)Nc1ccc2c(c1)C(C)(C)CCC2(C)C', 0.5128205128205128)]",CCNc1ccc2c(c1)C(C)(C)CCC2(C)C
39371,0.0001641200000449,"[('Nc1nc2ccccc2c2c1ncn2CCCCNC(=O)C1CCCCC1', 0.6666666666666666), ('Nc1nc2ccccc2c2c1ncn2CCCCNC(=O)Cc1ccc(Br)cc1', 0.6461538461538462), ('Nc1nc2ccccc2c2c1ncn2CCCCNC(=O)Nc1ccc(Br)cc1', 0.6461538461538462)]",Nc1nc2ccccc2c2c1ncn2CCCCNC(=O)c1ccncc1
3389,0.0001521399997727,"[('CN1Cc2cc(C=NCCCN=Cc3ccnc(N)c3)ccc2C1=O', 0.5263157894736842), ('CN1Cc2cc(N=CNc3ccnc(N)c3)ccc2C1=O', 0.5172413793103449), ('CN1Cc2cc(NC=Nc3ccnc(N)c3)ccc2C1=O', 0.5172413793103449)]",CN1Cc2cc(-c3ccc(-c4ccnc(N)c4)s3)ccc2C1=O
25457,0.0001111800003855,"[('COc1cccc(SCc2cccc([N+](=O)[O-])c2)c1', 0.42), ('Cc1ccc(OCc2cccc([N+](=O)[O-])c2)cn1', 0.4117647058823529), ('CC1C=CC(COCc2cccc([N+](=O)[O-])c2)OO1', 0.4074074074074074)]",CN1CCN(Cc2cccc([N+](=O)[O-])c2)CC1
4975,0.000110720000157,"[('CCOC(=O)c1cnc(C2CCC3(CC2)OCCO3)s1', 0.6595744680851063), ('Cc1cnc(C2CCC3(CC2)OCCO3)s1', 0.6190476190476191), ('Clc1cnc(C2CCC3(CC2)OCCO3)s1', 0.6190476190476191)]",NC(=O)c1cnc(C2CCC3(CC2)OCCO3)s1
34787,0.0002824399998644,"[('COC=C(Br)c1ccc(C(=O)Nc2n[nH]c3ncc(Sc4cc(F)cc(F)c4)cc23)c(N(C(=O)C(F)(F)F)C2CCOCC2)c1', 0.7142857142857143), ('Cn1ccnc1SCc1ccc(C(=O)Nc2n[nH]c3ncc(Sc4cc(F)cc(F)c4)cc23)c(N(C(=O)C(F)(F)F)C2CCOCC2)c1', 0.7127659574468085), ('Cc1ccc(COc2ccc(C(=O)Nc3n[nH]c4ncc(Sc5cc(F)cc(F)c5)cc34)c(N(C(=O)C(F)(F)F)C3CCOCC3)c2)cc1', 0.7065217391304348)]",CN1CCN(c2ccc(C(=O)Nc3n[nH]c4ncc(Sc5cc(F)cc(F)c5)cc34)c(N(C(=O)C(F)(F)F)C3CCOCC3)c2)CC1
9544,0.000126459999592,"[('Cc1csc(N2C(=O)C(CC(=O)OC(C)(C)C)NC2=S)n1', 0.5789473684210527), ('CCOC(=O)CCC1NC(=S)N(c2nc(C)cs2)C1=O', 0.5789473684210527), ('CC(=O)NCCCC1NC(=S)N(c2nc(C)cs2)C1=O', 0.5689655172413793)]",Cc1csc(N2C(=O)C(Cc3ccccc3)NC2=S)n1
16848,0.000185340000462,"[('CN(C)C=CC(=O)Oc1ccccc1-c1cc(-c2cccc(N)c2)c(C#N)c(N)n1', 0.6031746031746031), ('CC(C)OC(=O)COc1ccccc1-c1cc(-c2cccc(N)c2)c(C#N)c(N)n1', 0.59375), ('CCN(CC)[N+]([O-])=NOc1ccccc1-c1cc(-c2cccc(N)c2)c(C#N)c(N)n1', 0.5846153846153846)]",CC(C)(C)[Si](C)(C)Oc1ccccc1-c1cc(-c2cccc(N)c2)c(C#N)c(N)n1
34735,0.0002126599996699,"[('FC(F)(F)c1cc(NC(=S)Nc2ccc(Sc3ccc4cc(CBr)ccc4n3)cc2)ccc1Cl', 0.71875), ('CCC(=O)c1ccc2nc(Sc3ccc(NC(=S)Nc4ccc(Cl)c(C(F)(F)F)c4)cc3)ccc2c1', 0.7121212121212122), ('CC(=NO)c1ccc2nc(Sc3ccc(NC(=S)Nc4ccc(Cl)c(C(F)(F)F)c4)cc3)ccc2c1', 0.7121212121212122)]",COc1ccc2nc(Sc3ccc(NC(=S)Nc4ccc(Cl)c(C(F)(F)F)c4)cc3)ccc2c1
31143,6.412000038835686e-05,"[('CC(C)C(O)C(C)(C)CO', 0.17142857142857143), ('CC(C)NCC(O)CO', 0.16666666666666666), ('CC(C)Oc1ccc(O)cc1', 0.16216216216216217)]",CC(C)c1csc(CO)n1
18031,0.0001663000002736,"[('CC(=NO)c1ccc(-n2nc(C(=O)N3CCOCC3)cc2-n2ccc(CO)c2)cn1', 0.7352941176470589), ('CC(=O)Nc1ccc(-n2nc(C(=O)N3CCOCC3)cc2-n2ccc(CO)c2)cn1', 0.7352941176470589), ('CSSc1ccc(-n2nc(C(=O)N3CCOCC3)cc2-n2ccc(CO)c2)cn1', 0.7352941176470589)]",COc1ccc(-n2nc(C(=O)N3CCOCC3)cc2-n2ccc(CO)c2)cn1
22662,0.0001833599999372,"[('O=C(NC1CC1)c1ccc([N+](=O)[O-])c(-c2ccc3c(NC4CCCCC4)nncc3c2)c1', 0.75), ('N#[N+][N-]c1ccc(C(=O)NC2CC2)cc1-c1ccc2c(NC3CCCCC3)nncc2c1', 0.7384615384615385), ('O=C(NC1CC1)c1cccc(-c2ccc3c(NC4CCCCC4)nncc3c2)c1', 0.7333333333333333)]",Cc1ccc(C(=O)NC2CC2)cc1-c1ccc2c(NC3CCCCC3)nncc2c1
34807,0.0001942400002008,"[('Cc1cccc(NC(=O)NCC(=O)N(CC(=O)c2ccc(Br)cc2)c2cccc(Cl)c2Cl)c1', 0.676923076923077), ('Cc1cccc(NC(=O)NCC(=O)N(CC(=O)c2cccc(Br)c2)c2cccc(Cl)c2Cl)c1', 0.6666666666666666), ('Cc1cccc(NC(=O)NCC(=O)N(CC(=O)OC2C=CCCC2)c2cccc(Cl)c2Cl)c1', 0.6619718309859155)]",Cc1cccc(NC(=O)NCC(=O)N(CC(=O)OC(C)(C)C)c2cccc(Cl)c2Cl)c1
11819,8.672000003571157e-05,"[('CCOc1ccccc1CCN', 0.39473684210526316), ('NCCc1ccccc1-c1ccccc1', 0.3888888888888889), ('NCCc1ccccc1C(F)(F)F', 0.3783783783783784)]",CS(=O)(=O)Nc1ccccc1CCN
34533,0.0002019399998971,"[('CCOc1ccc(CN2CCC(C(=O)OC)CC2)cc1COC(=O)Nc1ccc(Cl)cc1Cl', 0.6376811594202898), ('CCOc1ccc(CSc2ccc(C(=O)OC)cn2)cc1COC(=O)Nc1ccc(Cl)cc1Cl', 0.6197183098591549), ('CCOc1ccc(CSc2ncccc2C(=O)OC)cc1COC(=O)Nc1ccc(Cl)cc1Cl', 0.6111111111111112)]",CCOc1ccc(CC(C(=O)OC)C(=O)OC)cc1COC(=O)Nc1ccc(Cl)cc1Cl
13436,0.0001537399995868,"[('Cc1ccc(C(=O)c2nc(C)c3nc(-c4ccccc4)sc3c2O)cc1', 0.6226415094339622), ('Cc1nc(C(=O)c2ccco2)c(O)c2sc(-c3ccccc3)nc12', 0.6), ('CCCCOC(=O)c1nc(C)c2nc(-c3ccccc3)sc2c1O', 0.5964912280701754)]",Cc1nc(C(=O)NCC(=O)O)c(O)c2sc(-c3ccccc3)nc12
31597,0.000282000000152,"[('CCCC(O)(CNC(=O)c1nccc(Sc2cnc(Nc3ccc(CNC(=O)c4ccc(C)o4)cn3)s2)c1F)c1ccccc1', 0.7840909090909091), ('CCCC(O)(CNC(=O)c1nccc(Sc2cnc(Nc3ccc(CNC(=O)C(Br)C(C)C)cn3)s2)c1F)c1ccccc1', 0.7752808988764045), ('CCCC(O)(CNC(=O)c1nccc(Sc2cnc(Nc3ccc(CNC(=O)c4cccc(C)c4)cn3)s2)c1F)c1ccccc1', 0.7666666666666667)]",CCCC(O)(CNC(=O)c1nccc(Sc2cnc(Nc3ccc(CNC(=O)OC(C)(C)C)cn3)s2)c1F)c1ccccc1
42823,0.0023199599996587,"[('CC(C)C[C@@H](C(=O)O)N(C)C(=O)CC1(c2ccccc2)C(=O)Oc2ccc(CCBr)cc21', 0.7419354838709677), ('CC=Cc1ccc2c(c1)C(CC(=O)N(C)[C@@H](CC(C)C)C(=O)O)(c1ccccc1)C(=O)O2', 0.7419354838709677), ('CCNc1ccc2c(c1)C(CC(=O)N(C)[C@@H](CC(C)C)C(=O)O)(c1ccccc1)C(=O)O2', 0.7419354838709677)]",CC(C)C[C@@H](C(=O)O)N(C)C(=O)CC1(c2ccccc2)C(=O)Oc2ccc(Cl)cc21
41231,0.0002270999997563,"[('CC(=Cc1cc(N)cc(C(=O)N[C@@H](Cc2ccccc2)[C@H](O)CN[C@@H](C)C(=O)NC2CCCCC2)c1)[N+](=O)[O-]', 0.6506024096385542), ('C[C@H](NC[C@@H](O)[C@H](Cc1ccccc1)NC(=O)c1cc(N)cc(C=Cc2ccoc2)c1)C(=O)NC1CCCCC1', 0.6428571428571429), ('C[C@H](NC[C@@H](O)[C@H](Cc1ccccc1)NC(=O)c1cc(N)cc(C=Cc2ccsc2)c1)C(=O)NC1CCCCC1', 0.6428571428571429)]",C[C@H](NC[C@@H](O)[C@H](Cc1ccccc1)NC(=O)c1cc(N)cc(N2CCCC2=O)c1)C(=O)NC1CCCCC1
12142,0.0001628000001801,"[('COc1cc(N2CCC3(CC2)OCCO3)nc2sc(C(N)=O)c(N)c12', 0.7166666666666667), ('CC(=O)Nc1cc(N2CCC3(CC2)OCCO3)nc2sc(C(N)=O)c(N)c12', 0.7049180327868853), ('CC(=O)Oc1cc(N2CCC3(CC2)OCCO3)nc2sc(C(N)=O)c(N)c12', 0.7049180327868853)]",CS(=O)c1cc(N2CCC3(CC2)OCCO3)nc2sc(C(N)=O)c(N)c12
39303,0.000164720000248,"[('C=C(C)c1cccc(Nc2ccn3ncc(C=C4C(=O)NC(=O)N4C)c3n2)c1', 0.75), ('CCCc1cccc(Nc2ccn3ncc(C=C4C(=O)NC(=O)N4C)c3n2)c1', 0.75), ('CN1C(=O)NC(=O)C1=Cc1cnn2ccc(Nc3cccc(CCBr)c3)nc12', 0.7384615384615385)]",CN1C(=O)NC(=O)C1=Cc1cnn2ccc(Nc3cccc(Cl)c3)nc12
47643,0.0001077600001735,"[('O=C1Cc2cc(CCBr)ccc2Sc2ccccc21', 0.6046511627906976), ('C=CCc1ccc2c(c1)CC(=O)c1ccccc1S2', 0.5909090909090909), ('CCNc1ccc2c(c1)CC(=O)c1ccccc1S2', 0.5909090909090909)]",Nc1ccc2c(c1)CC(=O)c1ccccc1S2
1627,0.0001138600000558,"[('CCc1cnc(NCCc2ccc(O)c(Br)c2)nc1', 0.6888888888888889), ('CCc1cnc(Nc2ccc(OC)c(Br)c2)nc1', 0.6304347826086957), ('CCc1cnc(SCc2ccc(OC)c(Br)c2)nc1', 0.5833333333333334)]",CCc1cnc(NCCc2ccc(OC)c(Br)c2)nc1
32311,0.0001822200003516,"[('CCC(C(=O)O)c1c(C)nc2cc(C(C)(C)C)nn2c1-c1ccc(Cl)cc1OC', 0.8852459016393442), ('C=CCCC(C(=O)O)c1c(C)nc2cc(C(C)(C)C)nn2c1-c1ccc(Cl)cc1OC', 0.8333333333333334), ('COc1cc(Cl)ccc1-c1c(C(CCS(C)=O)C(=O)O)c(C)nc2cc(C(C)(C)C)nn12', 0.8333333333333334)]",CCCC(C(=O)O)c1c(C)nc2cc(C(C)(C)C)nn2c1-c1ccc(Cl)cc1OC
23948,6.616000027861446e-05,"[('CCNc1nc(Cl)cc(Cl)n1', 0.4482758620689655), ('CC(C)Nc1nc(Cl)cc(Cl)n1', 0.4482758620689655), ('CCCNc1nc(Cl)cc(Cl)n1', 0.41935483870967744)]",O=CNc1nc(Cl)cc(Cl)n1
47690,0.0001711400003841,"[('CC(C)(C)OC(=O)[C@@H]1C[C@H](COc2cccc(CCBr)c2)CN1C(=O)OC(C)(C)C', 0.7288135593220338), ('CC=Cc1cccc(OC[C@H]2C[C@@H](C(=O)OC(C)(C)C)N(C(=O)OC(C)(C)C)C2)c1', 0.7288135593220338), ('CCNc1cccc(OC[C@H]2C[C@@H](C(=O)OC(C)(C)C)N(C(=O)OC(C)(C)C)C2)c1', 0.7288135593220338)]",CC(C)(C)OC(=O)[C@@H]1C[C@H](COc2cccc(Cl)c2)CN1C(=O)OC(C)(C)C
7576,0.0001554199996462,"[('CCc1cc(Cl)cc(-c2sc(C(=O)O)cc2-c2ccc(F)c(C#N)c2)c1', 0.7592592592592593), ('N#Cc1cc(-c2cc(C(=O)O)sc2-c2cc(F)cc(Cl)c2)ccc1C=NO', 0.75), ('CC=Cc1cc(Cl)cc(-c2sc(C(=O)O)cc2-c2ccc(F)c(C#N)c2)c1', 0.7321428571428571)]",N#Cc1cc(-c2cc(C(=O)O)sc2-c2cc(F)cc(Cl)c2)ccc1F
16456,0.0001380799993057,"[('C#Cc1ccc2sc(-c3cccc(C(=O)OCC)c3)cc2c1', 0.6981132075471698), ('CCOC(=O)c1cccc(-c2cc3cc(C(O)CC)ccc3s2)c1', 0.6851851851851852), ('CCOC(=O)c1cccc(-c2cc3cc(C(C)=NO)ccc3s2)c1', 0.6851851851851852)]",CCOC(=O)c1cccc(-c2cc3cc(OC)ccc3s2)c1
32271,0.0001193400003103,"[('CC(C)(C)N(Cc1ccccc1)Cc1ccccc1', 0.36363636363636365), ('N#CN(Cc1ccccc1)Cc1ccccc1', 0.36363636363636365), ('c1ccc(CN(Cc2ccccc2)Cn2cccn2)cc1', 0.358974358974359)]",c1ccc(CN(Cc2ccccc2)CC2CO2)cc1
6141,0.0001314199998887,"[('Nc1nc2cc(OS(=O)(=O)c3ccc(Cl)cc3Cl)ccc2[nH]1', 0.673469387755102), ('CCSc1nc2cc(OS(=O)(=O)c3c(Cl)cccc3Cl)ccc2[nH]1', 0.6538461538461539), ('O=S(=O)(Oc1ccc2[nH]cnc2c1)c1c(Cl)cccc1Cl', 0.625)]",Nc1nc2cc(OS(=O)(=O)c3c(Cl)cccc3Cl)ccc2[nH]1
45643,0.0001527000000351,"[('CSc1ncc2cc(-c3ccccc3)c(=O)n([C@H]3CCNC3)c2n1', 0.7894736842105263), ('CSc1ncc2cc(-c3ccccc3CO)c(=O)n([C@H]3CCNC3)c2n1', 0.7704918032786885), ('CSc1ncc2cc(-c3ccccc3[N+](=O)[O-])c(=O)n([C@H]3CCNC3)c2n1', 0.7580645161290323)]",CSc1ncc2cc(-c3ccccc3C)c(=O)n([C@H]3CCNC3)c2n1
12926,0.000172300000122,"[('[O-][n+]1ccccc1C1=CC(C(F)(F)F)(C(F)(F)F)Oc2ccc(OC3CCO3)cc21', 0.6065573770491803), ('[O-][n+]1ccccc1C1=CC(C(F)(F)F)(C(F)(F)F)Oc2ccc(CC3CO3)cc21', 0.6065573770491803), ('[O-][n+]1ccccc1C1=CC(C(F)(F)F)(C(F)(F)F)Oc2ccc(-n3ccnc3)cc21', 0.5873015873015873)]",O=[N+]([O-])c1ccc2c(c1)C(c1cccc[n+]1[O-])=CC(C(F)(F)F)(C(F)(F)F)O2
43256,0.0001629800000955,"[('COCOc1cc(OCC=C(C)C)cc(COCc2ccccc2)c1C=O', 0.8), ('CNCCCOc1cc(COCc2ccccc2)c(C=O)c(OCOC)c1', 0.7843137254901961), ('COCOc1cc(OCC=C(C)Cl)cc(COCc2ccccc2)c1C=O', 0.7843137254901961)]",COCOc1cc(COCc2ccccc2)c(C=O)c(OCOC)c1
32028,0.0001270800003112,"[('COC(=O)c1cc(SCC(C)C)nc(S(=O)(=O)C(C)C)c1', 0.5686274509803921), ('CC[C@H](C)Nc1cc(C(=O)OC)cc(OCC#N)n1', 0.5660377358490566), ('CC[C@H](C)Nc1cc(C(=O)OC)cc(N=Nc2ccccc2)n1', 0.5555555555555556)]",CC[C@H](C)Nc1cc(C(=O)OC)cc(S(=O)(=O)C(C)C)n1
11229,0.0002262800004245,"[('CCN(CC)C(=O)N1CC(C(=O)N2CCC(C#N)(Cc3ccc(F)nc3)CC2)Oc2cc(O)c(Cl)cc21', 0.7682926829268293), ('CCSCCOC(=O)N1CC(C(=O)N2CCC(C#N)(Cc3ccc(F)nc3)CC2)Oc2cc(O)c(Cl)cc21', 0.7674418604651163), ('COC(=O)CCC(=O)N1CC(C(=O)N2CCC(C#N)(Cc3ccc(F)nc3)CC2)Oc2cc(O)c(Cl)cc21', 0.7619047619047619)]",CC(C)(C)OC(=O)N1CC(C(=O)N2CCC(C#N)(Cc3ccc(F)nc3)CC2)Oc2cc(O)c(Cl)cc21
5134,0.0002208599998994,"[('CCCC(=O)OCCc1cccc(Nc2c(C(=O)C3CC3)cnc3ccc(-c4cc(Cl)c(O)c(Cl)c4)cc23)c1', 0.7142857142857143), ('CC(C)OC(=O)CCc1cccc(Nc2c(C(=O)C3CC3)cnc3ccc(-c4cc(Cl)c(O)c(Cl)c4)cc23)c1', 0.7142857142857143), ('CCOC(=O)C(=O)CCc1cccc(Nc2c(C(=O)C3CC3)cnc3ccc(-c4cc(Cl)c(O)c(Cl)c4)cc23)c1', 0.7051282051282052)]",O=C(c1cnc2ccc(-c3cc(Cl)c(O)c(Cl)c3)cc2c1Nc1cccc(CCN2CCCC2)c1)C1CC1
9895,7.321999946725554e-05,"[('O=S(O)c1ccc2cc[nH]c2c1', 0.47058823529411764), ('ON=Cc1ccc2cc[nH]c2c1', 0.45714285714285713), ('CC(=NO)c1ccc2cc[nH]c2c1', 0.4444444444444444)]",OCc1ccc2cc[nH]c2c1
27878,0.0001798599998437,"[('CC(=O)n1cc2c3c(cc([N+](=O)[O-])cc31)[C@H]1C[C@H](NC(=O)c3ccc(C)cc3)CN(C)[C@@H]1C2', 0.7222222222222222), ('CC(=O)n1cc2c3c(cc([N+](=O)[O-])cc31)[C@H]1C[C@H](NC(=O)OC(C)C)CN(C)[C@@H]1C2', 0.7222222222222222), ('CCOC(=N)CC(=O)N[C@H]1C[C@@H]2c3cc([N+](=O)[O-])cc4c3c(cn4C(C)=O)C[C@H]2N(C)C1', 0.72)]",CCN(CC)C(=O)N[C@H]1C[C@@H]2c3cc([N+](=O)[O-])cc4c3c(cn4C(C)=O)C[C@H]2N(C)C1
23702,0.0001048400001309,"[('O=C1NCCc2cc(-c3ccc(C=CBr)cc3)sc21', 0.6590909090909091), ('O=C1NCCc2cc(-c3ccc(CCBr)cc3)sc21', 0.6590909090909091), ('O=C1NCCc2cc(-c3ccc(C4CO4)cc3)sc21', 0.6590909090909091)]",O=C1NCCc2cc(-c3ccc(F)cc3)sc21
33771,0.0002271600002131,"[('C=CCOc1cc(C)cc(/C=C/CC[C@@H](NC(=O)OCc2ccccc2)c2cc(C(F)(F)F)ccc2Br)c1', 0.7972972972972973), ('CC(=Cc1cc(C)cc(/C=C/CC[C@@H](NC(=O)OCc2ccccc2)c2cc(C(F)(F)F)ccc2Br)c1)[N+](=O)[O-]', 0.7866666666666666), ('CC(C)=CCOc1cc(C)cc(/C=C/CC[C@@H](NC(=O)OCc2ccccc2)c2cc(C(F)(F)F)ccc2Br)c1', 0.7866666666666666)]",Cc1cc(/C=C/CC[C@@H](NC(=O)OCc2ccccc2)c2cc(C(F)(F)F)ccc2Br)cc(C(F)(F)F)c1
13104,0.0001959599998372,"[('CCSCCOC(=O)N1CCN(c2nc(C(=O)c3cccnc3F)c(C)s2)C[C@@H]1CC(C)C', 0.7435897435897436), ('Cc1sc(N2CCN(C(=O)CCCl)[C@@H](CC(C)C)C2)nc1C(=O)c1cccnc1F', 0.7432432432432432), ('Cc1sc(N2CCN(C(=O)c3ccccc3Cl)[C@@H](CC(C)C)C2)nc1C(=O)c1cccnc1F', 0.7333333333333333)]",Cc1sc(N2CCN(C(=O)OC(C)(C)C)[C@@H](CC(C)C)C2)nc1C(=O)c1cccnc1F
18884,6.787999991502147e-05,"[('CCCCC#CCCO', 0.42857142857142855), ('CCCCCC=CCO', 0.4090909090909091), ('CCCCCC#CCO', 0.4090909090909091)]",CCCCCCCCCCO
18641,0.0001514599993242,"[('CCN(CC)C(=O)N1CCN(C2CCC(C(C)(C)C)CC2)CC1', 0.41304347826086957), ('CC(C)(C)C1CCC(N2CCN(CC3=CCC4CC3C4(C)C)CC2)CC1', 0.40384615384615385), ('CN(C)C(=S)SC(=S)N1CCN(C2CCC(C(C)(C)C)CC2)CC1', 0.3958333333333333)]",CC1(C)CCCC(N2CCN(C3CCC(C(C)(C)C)CC3)CC2)C1
20755,0.00014250000022,"[('Cc1c(N2C(=O)N3CCC(=N)[C@H]3[C@H]2C(F)(F)F)ccc(C#N)c1Cl', 0.7457627118644068), ('N#Cc1ccc(N2C(=O)N3CCC(=NO)[C@H]3[C@H]2C(F)(F)F)cc1Cl', 0.7049180327868853), ('Cc1c(N2C(=O)N3CCC(=NO)[C@H]3[C@H]2C(F)(F)F)ccc([N+](=O)[O-])c1Cl', 0.6984126984126984)]",Cc1c(N2C(=O)N3CCC(=NO)[C@H]3[C@H]2C(F)(F)F)ccc(C#N)c1Cl
2586,6.734000016876962e-05,"[('COC1CCC(OS(C)(=O)=O)CO1', 0.16666666666666666), ('COC(=O)N(OC)S(C)(=O)=O', 0.16666666666666666), ('CSc1cccc(OS(C)(=O)=O)n1', 0.16279069767441862)]",CCC[C@@H](C)COS(C)(=O)=O
35500,0.0001037399997585,"[('NCc1cc2ccc(OC3CCCCO3)cc2[nH]1', 0.5510204081632653), ('NCc1cc2ccc(Oc3ccncc3)cc2[nH]1', 0.5333333333333333), ('NCc1cc2ccc(Oc3ccccn3)cc2[nH]1', 0.5208333333333334)]",NCc1cc2ccc(OCC3CC3)cc2[nH]1
35799,0.0001268200001504,"[('CCC(=O)Oc1cc(C[C@H]([NH3+])C(N)=O)ccc1OC(=O)C1CCC1', 0.7608695652173914), ('CCCCCCOc1cc(C[C@H]([NH3+])C(N)=O)ccc1OC(=O)CC', 0.7555555555555555), ('CCOC(=O)COc1cc(C[C@H]([NH3+])C(N)=O)ccc1OC(=O)CC', 0.7555555555555555)]",CCC(=O)Oc1ccc(C[C@H]([NH3+])C(N)=O)cc1OC(=O)CC
21782,5.306000020937063e-05,"[('CC=C(C)C=NO', 0.19230769230769232), ('CCN=C(C=NO)N(C)C', 0.1875), ('CC(C)(C=NO)NO', 0.1724137931034483)]",ON=Cc1ccccc1
19834,0.0001596599999174,"[('c1ccc2[nH]c(C3CN(c4cc(C5CCOCC5)ncn4)C3)nc2c1', 0.7636363636363637), ('CCOc1ccc2[nH]c(C3CN(c4cc(C5CCOCC5)ncn4)C3)nc2c1', 0.7333333333333333), ('CC(=O)c1ccc2[nH]c(C3CN(c4cc(C5CCOCC5)ncn4)C3)nc2c1', 0.7213114754098361)]",Clc1ccc2[nH]c(C3CN(c4cc(C5CCOCC5)ncn4)C3)nc2c1
12327,9.11800001631491e-05,"[('C=C(C)c1ccc2c(c1)CC(CC#N)CO2', 0.6222222222222222), ('C=CCc1ccc2c(c1)CC(CC#N)CO2', 0.6222222222222222), ('CC=Cc1ccc2c(c1)CC(CC#N)CO2', 0.6222222222222222)]",N#CCC1COc2ccc(S)cc2C1
40794,0.0002335199998924,"[('Cc1oc(-c2ccccc2)nc1COc1cccc(COc2cc(CCC(=O)c3ccsc3)n(-c3ccccc3)n2)c1', 0.7532467532467533), ('Cc1oc(-c2ccccc2)nc1COc1cccc(COc2cc(CCC(=O)c3ccc[nH]3)n(-c3ccccc3)n2)c1', 0.7532467532467533), ('CSC(=S)NCCc1cc(OCc2cccc(OCc3nc(-c4ccccc4)oc3C)c2)nn1-c1ccccc1', 0.6835443037974683)]",CCOC(=O)CCc1cc(OCc2cccc(OCc3nc(-c4ccccc4)oc3C)c2)nn1-c1ccccc1
17663,0.0001165599998785,"[('CC(C)(C)OC(=O)NS(=O)(=O)c1ccnc(C(N)=O)c1', 0.5283018867924528), ('CC(C)(C)OC(=O)NN=Cc1ccnc(C(N)=O)c1', 0.5185185185185185), ('CC(C)(C)OC(=O)NNC(=O)Nc1ccnc(C(N)=O)c1', 0.5185185185185185)]",CC[C@H](NC(=O)OC(C)(C)C)c1ccnc(C(N)=O)c1
8374,0.0001419399995938,"[('S=C(NCCC1=CCCCC1)Nc1cc(CC2CO2)ccn1', 0.6333333333333333), ('S=C(NCCC1=CCCCC1)Nc1cc(-n2ccnc2)ccn1', 0.6229508196721312), ('S=C(NCCC1=CCCCC1)Nc1cc(-n2cnnn2)ccn1', 0.6129032258064516)]",CC(C)c1ccnc(NC(=S)NCCC2=CCCCC2)c1
2270,0.0001339599995844,"[('N#Cc1cc(I)cc(S(=O)(=O)NN=C(c2ccccc2)C2CC2)c1', 0.5172413793103449), ('N#Cc1cc(I)cc(S(=O)(=O)NCCOc2ccccc2)c1', 0.509090909090909), ('N#Cc1cc(I)cc(S(=O)(=O)NCCSc2ccccc2)c1', 0.5)]",CC(=Nc1ccccc1)NS(=O)(=O)c1cc(I)cc(C#N)c1
9276,0.0001444199999241,"[('C=C(C)CCC[Sn](CCCC)(CCCC)c1coc2ccccc12', 0.7692307692307693), ('C=CCCCC[Sn](CCCC)(CCCC)c1coc2ccccc12', 0.7692307692307693), ('C#CCCCC[Sn](CCCC)(CCCC)c1coc2ccccc12', 0.7692307692307693)]",CCCC[Sn](CCCC)(CCCC)c1coc2ccccc12
17153,0.0001735599998937,"[('CC(C)(C)c1cc(NC(=O)Cc2ccc(C=CC=Cc3ccccc3)cc2)on1', 0.6607142857142857), ('CC(=Cc1ccc(CC(=O)Nc2cc(C(C)(C)C)no2)cc1)c1ccccc1', 0.6271186440677966), ('CC(=Cc1ccccc1)c1ccc(CC(=O)Nc2cc(C(C)(C)C)no2)cc1', 0.6271186440677966)]",CC(C)(C)c1cc(NC(=O)Cc2ccc(OCc3ccccc3)cc2)on1
15569,0.0001139399995736,"[('COc1ccc(C=Cc2cncc(Cl)c2)cc1[N+](=O)[O-]', 0.5625), ('COc1ccc(C=Cc2cncc(Cl)c2)c([N+](=O)[O-])c1', 0.5098039215686274), ('O=C(Oc1cccc([N+](=O)[O-])c1)c1cncc(Cl)c1', 0.5)]",O=[N+]([O-])c1cccc(/C=C/c2cncc(Cl)c2)c1
9966,0.0001059199999872,"[('CC(C)NC(=O)CCNc1ccc2c(c1)CCC2', 0.6222222222222222), ('CNNC(=O)CCNc1ccc2c(c1)CCC2', 0.6222222222222222), ('CC(C)(C)NC(=O)CCNc1ccc2c(c1)CCC2', 0.6086956521739131)]",CCOC(=O)CCNc1ccc2c(c1)CCC2
23897,8.917999984987545e-05,"[('CC(CC(=O)O)NC(=O)OC(C)(C)C', 0.21739130434782608), ('CC(C)(C)OC(=O)NCCCCCO', 0.21739130434782608), ('COC(=O)C(CO)NC(=O)OC(C)(C)C', 0.2127659574468085)]",CC(C)(C)OC(=O)N1CCC(=NO)C1
12649,0.0002145800004655,"[('CCOc1cc(C)c(NC(=O)Nc2cc3ccccc3cc2C(=O)N2CCNC[C@H]2C(=O)OC)c(C)c1', 0.828125), ('COC(=O)[C@@H]1CNCCN1C(=O)c1cc2ccccc2cc1NC(=O)Nc1c(C)cc(C(=N)N)cc1C', 0.828125), ('CC=Cc1cc(C)c(NC(=O)Nc2cc3ccccc3cc2C(=O)N2CCNC[C@H]2C(=O)OC)c(C)c1', 0.8153846153846154)]",COC(=O)[C@@H]1CNCCN1C(=O)c1cc2ccccc2cc1NC(=O)Nc1c(C)cc(C)cc1C
40247,0.000126380000438,"[('CC(C)(C)OC(=O)N1CCc2cc([N+](=O)[O-])ccc2C1', 0.64), ('CC1(C(=O)N2CCc3cc([N+](=O)[O-])c(F)cc3C2)CC1(Br)Br', 0.6226415094339622), ('CC(C)COC(C)C(=O)N1CCc2cc([N+](=O)[O-])c(F)cc2C1', 0.6071428571428571)]",CC(C)(C)OC(=O)N1CCc2cc([N+](=O)[O-])c(F)cc2C1
36804,0.0002183999997214,"[('Cc1cccc2nc(SCc3ccc(C(=O)c4ccc(NCCCCN(C)C)cc4)cc3)n(C)c(=O)c12', 0.7391304347826086), ('Cc1cccc2nc(SCc3ccc(C(=O)c4ccc(CNCCCCN(C)C)cc4)cc3)n(C)c(=O)c12', 0.7391304347826086), ('Cc1cccc2nc(SCc3ccc(C(=O)c4ccc(C=NCCCN(C)C)cc4)cc3)n(C)c(=O)c12', 0.7285714285714285)]",Cc1cccc2nc(SCc3ccc(C(=O)c4ccc(OCCCN(C)C)cc4)cc3)n(C)c(=O)c12
3227,0.0001001799999357,"[('Oc1ccc(Cc2cccc(Br)c2)cc1', 0.5142857142857142), ('O=C(c1ccc(O)cc1)c1cc(Br)ccc1Cl', 0.5), ('Oc1ccc(Sc2cc(Br)ccc2Cl)cc1', 0.47368421052631576)]",Oc1ccc(Cc2cc(Br)ccc2Cl)cc1
